name,rank,charter,consolidated_assets
JPMORGAN CHASE BK NA/JPMORGAN CHASE & CO ,1,NAT,3207521
BANK OF AMER NA/BANK OF AMER CORP ,2,NAT,2316773
WELLS FARGO BK NA/WELLS FARGO & CO ,3,NAT,1773157
CITIBANK NA/CITIGROUP ,4,NAT,1684634
U S BK NA/U S BC ,5,NAT,542566
TRUIST BK/TRUIST FC ,6,SNM,506471
PNC BK NA/PNC FNCL SVC GROUP ,7,NAT,469299
T D BK NA/TD GRP US HOLDS LLC ,8,NAT,411622
BANK OF NY MELLON/BANK OF NY MELLON CORP ,9,SMB,383939
CAPITAL ONE NA/CAPITAL ONE FC ,10,NAT,369908
STATE STREET B&TC/STATE STREET CORP ,11,SMB,313281
GOLDMAN SACHS BK USA/GOLDMAN SACHS GROUP THE ,12,SMB,288623
FIFTH THIRD BK NA/FIFTH THIRD BC ,13,NAT,205490
HSBC BK USA NA/HSBC N AMER HOLDS ,14,NAT,194912
CITIZENS BK NA/CITIZENS FNCL GRP ,15,NAT,187182
MORGAN STANLEY BK NA/MORGAN STANLEY ,16,NAT,179805
KEYBANK NA/KEYCORP ,17,NAT,174008
ALLY BK/ALLY FNCL ,18,SMB,171537
NORTHERN TC/NORTHERN TR CORP ,19,SMB,163541
BMO HARRIS BK NA/BMO FNCL CORP ,20,NAT,159208
FIRST REPUBLIC BK/ ,21,SNM,155798
REGIONS BK/REGIONS FC ,22,SMB,152519
MANUFACTURERS & TRADERS TC/M&T BK CORP ,23,SMB,150096
SILICON VALLEY BK/SVB FNCL GRP ,24,SMB,140261
AMERICAN EXPRESS NB/AMERICAN EXPRESS CO ,25,NAT,137270
MUFG UNION BK NA/MUFG AMERS HOLDS CORP ,26,NAT,134785
MORGAN STANLEY PRIV BK NA/MORGAN STANLEY ,27,NAT,126864
HUNTINGTON NB/HUNTINGTON BSHRS ,28,NAT,125419
DISCOVER BK/DISCOVER FS ,29,SNM,112296
CAPITAL ONE BK USA NA/CAPITAL ONE FC ,30,NAT,105969
BBVA USA/BBVA USA BSHRS ,31,SMB,101926
BANK OF THE WEST/BNP PARIBAS USA ,32,SNM,98394
SANTANDER BK NA/SANTANDER HOLDS USA ,33,NAT,88909
FIRST HORIZON BK/FIRST HORIZON CORP ,34,SMB,87114
COMERICA BK/COMERICA ,35,SMB,86257
SIGNATURE BK/ ,36,SNM,85382
ZIONS BC NA/ ,37,NAT,85121
CITY NB/RBC US GRP HOLDS LLC ,38,NAT,81470
PEOPLES UNITED BK NA/PEOPLES UNITED FNCL INC ,39,NAT,63942
EAST WEST BK/EAST WEST BC ,40,SMB,56859
SYNOVUS BK/SYNOVUS FC ,41,SMB,55099
FIRST-CITIZENS B&TC/FIRST CITIZENS BSHRS ,42,SNM,53820
CIT BK NA/CIT GROUP ,43,NAT,50658
TCF NB/TCF FC ,44,NAT,49421
BOKF NA/BOK FC ,45,NAT,47239
FROST BK/CULLEN/FROST BKR ,46,SMB,44092
CIBC BK USA/CIBC BC USA ,47,SNM,43885
WESTERN ALLI BK/WESTERN ALLI BC ,48,SMB,43451
VALLEY NB/VALLEY NAT BC ,49,NAT,41158
TEXAS CAP BK NA/TEXAS CAP BSHRS ,50,NAT,40035
SOUTH ST BK NA/SOUTH ST CORP ,51,NAT,39609
FIRST NB OF PA/FNB CORP ,52,NAT,38552
DEUTSCHE BK TC AMERICAS/DB USA CORP ,53,SMB,37741
PROSPERITY BK/PROSPERITY BSHRS ,54,SNM,35564
PINNACLE BK/PINNACLE FNCL PTNR ,55,SNM,35146
BANKUNITED NA/BANKUNITED ,56,NAT,35052
HANCOCK WHITNEY BK/HANCOCK WHITNEY CORP ,57,SNM,35050
ASSOCIATED BK NA/ASSOCIATED BANC-CORP ,58,NAT,34527
UMB BK NA/UMB FC ,59,NAT,34409
WEBSTER BK NA/WEBSTER FNCL CORP ,60,NAT,33300
RAYMOND JAMES BK NA/RAYMOND JAMES FNCL ,61,NAT,33221
COMMERCE BK/COMMERCE BSHRS ,62,SMB,33155
PACIFIC WESTERN BK/PACWEST BC ,63,SNM,32808
BNY MELLON NA/BANK OF NY MELLON CORP ,64,NAT,31661
UMPQUA BK/UMPQUA HC ,65,SNM,30039
T D BK USA NA/TD GRP US HOLDS LLC ,66,NAT,29853
STERLING NB/STERLING BC ,67,NAT,29831
BARCLAYS BK DE/BARCLAYS US LLC ,68,SNM,29380
BANK OZK/ ,69,SNM,27277
UNITED BK/UNITED BSHRS ,70,SMB,26993
ARVEST BK/ARVEST BK GRP ,71,SMB,26260
FIRSTBANK/FIRSTBANK HC ,72,SMB,25882
BANK OF AMER CA NA/BANK OF AMER CORP ,73,NAT,25860
BANCORPSOUTH BK/ ,74,SNM,25803
INVESTORS BK/INVESTORS BC ,75,SNM,25770
FULTON BK NA/FULTON FNCL CORP ,76,NAT,25742
FIRST NB OF OMAHA/LAURITZEN CORP ,77,NAT,25478
OLD NB/OLD NAT BC ,78,NAT,23640
FIRST HAWAIIAN BK/FIRST HAWAIIAN ,79,SNM,23496
SIMMONS BK/SIMMONS FIRST NAT CORP ,80,SMB,23288
BANK OF HAWAII/BANK OF HI CORP ,81,SMB,21918
AMERIS BK/AMERIS BC ,82,SNM,21338
FIRST MW BK/FIRST MW BC ,83,SMB,21095
PACIFIC PREMIER BK/PACIFIC PREMIER BC ,84,SMB,20172
WELLS FARGO NB WEST/WELLS FARGO & CO ,85,NAT,19863
ATLANTIC UNION BK/ATLANTIC UNION BSHRS CORP ,86,SMB,19801
GLACIER BK/GLACIER BC ,87,SNM,19759
CITY NB OF FL/BCI FNCL GRP ,88,NAT,19742
WASHINGTON FED BK NA/WASHINGTON FED INC ,89,NAT,19535
CATHAY BK/CATHAY GEN BC ,90,SNM,19212
MECHANICS BK/2011 TCRT ,91,SNM,18945
CUSTOMERS BK/CUSTOMERS BC ,92,SMB,18807
CADENCE BK NA/CADENCE BC ,93,NAT,18792
UNITED CMNTY BK/UNITED CMNTY BK ,94,SNM,18513
FIRST INTRST BK/FIRST INTRST BANCSYSTEM ,95,SMB,18385
INDEPENDENT BK/INDEPENDENT BK GRP ,96,SNM,18111
COLUMBIA ST BK/COLUMBIA BKG SYS ,97,SNM,17326
CENTENNIAL BK/HOME BSHRS ,98,SMB,17206
BANK OF HOPE/HOPE BC ,99,SNM,17193
WESBANCO BK/WESBANCO ,100,SNM,17017
TRUSTMARK NB/TRUSTMARK CORP ,101,NAT,16876
EASTERN BK/EASTERN BSHRS ,102,SNM,16715
BANNER BK/BANNER CORP ,103,SNM,16116
FIRST FNCL BK/FIRST FNCL BC ,104,SMB,16099
RENASANT BK/RENASANT CORP ,105,SNM,15621
BREMER BK NA/OTTO BREMER TR ,106,NAT,15534
TOWNEBANK/ ,107,SNM,15079
CITIZENS BUS BK/CVB FC ,108,SNM,14836
STIFEL B&T/STIFEL FNCL CORP ,109,SMB,14793
FIRST MRCHS BK/FIRST MRCHS CORP ,110,SNM,14608
COMMUNITY BK NA/COMMUNITY BK SYS ,111,NAT,14429
PLAINSCAPITAL BK/DIAMOND HTH STOCK CO GP LLC ,112,SMB,14230
ROCKLAND TC/INDEPENDENT BC ,113,SNM,13776
CROSS RIVER BK/CRB GRP ,114,SNM,13483
DIME CMNTY BK/DIME CMNTY BANCSHARES ,115,SMB,13012
GREAT WESTERN BK/GREAT WESTERN BC ,116,SNM,13006
SANDY SPRING BK/SANDY SPRING BC ,117,SMB,12861
BERKSHIRE BK/BERKSHIRE HILLS BC ,118,SNM,12754
SERVISFIRST BK/SERVISFIRST BSHRS ,119,SNM,12646
FIRST FNCL BK NA/FIRST FNCL BSHRS ,120,NAT,12066
FIRSTBANK/FB FC ,121,SNM,11921
ISRAEL DISCOUNT BK OF NY/DISCOUNT BC ,122,SNM,11667
OCEANFIRST BK NA/OCEANFIRST FNCL CORP ,123,NAT,11545
NBT BK NA/NBT BC ,124,NAT,11443
FIRST UNITED B&TC/SPEND LIFE WISELY CO ,125,SNM,11147
EAGLEBANK/EAGLE BC ,126,SMB,11102
BUSEY BK/FIRST BUSEY CORP ,127,SNM,10740
POPULAR BK/POPULAR ,128,SMB,10558
INTERNATIONAL BK OF CMRC/INTERNATIONAL BSHRS CORP ,129,SNM,10557
BOSTON PRIVATE B&TC/BOSTON PRIVATE FNCL HOLD ,130,SMB,10510
TRISTATE CAP BK/TRISTATE CAP HLD INC ,131,SNM,10488
FARMERS & MRCH BK/PALOMAR ENT LLC ,132,SMB,10454
ENTERPRISE B&TC/ENTERPRISE FS CORP ,133,SNM,10156
WASHINGTON TR BK/WTB FC ,134,SNM,10097
PARK NB/PARK NAT CORP ,135,NAT,9878
BELL BK/STATE BSHRS ,136,SNM,9834
METABANK NA/META FNCL GRP ,137,NAT,9793
WOODFOREST NB/WOODFOREST FNCL GRP ESOP W 401 ,138,NAT,9792
BANCFIRST/BANCFIRST CORP ,139,SNM,9486
MERCHANTS BK OF IN/MERCHANTS BC ,140,SNM,9450
SAFRA NB OF NY/SNBNY HOLD ,141,NAT,9421
FIRST COMMONWEALTH BK/FIRST COMMONWEALTH FNCL CORP ,142,SNM,9393
S&T BK/S&T BC ,143,SNM,9320
VERITEX CMNTY BK/VERITEX HOLD ,144,SMB,9232
COMENITY BK/ ,145,SNM,9130
NEXBANK/SLHC TR ,146,SNM,9083
NEXBANK/MARK & PAMELA OKADA FAM TR ,146,SNM,NA
SEACOAST NB/SEACOAST BKG CORP OF FL ,147,NAT,8813
LIVE OAK BKG CO/LIVE OAK BSHRS ,148,SNM,8337
WINTRUST BK NA/WINTRUST FC ,149,NAT,8322
BANK LEUMI USA/BANK LEUMI LE-ISRAEL CORP ,150,SNM,8235
FLUSHING BK/FLUSHING FC ,151,SNM,8160
TRI CTY BK/TRICO BSHRS ,152,SNM,8021
BANC OF CA NA/BANC OF CA ,153,NAT,7926
LAKELAND BK/LAKELAND BC ,154,SNM,7771
SILVERGATE BK/SILVERGATE CAP CORP ,155,SMB,7757
BANCORP BK/BANCORP ,156,SNM,7753
AMERANT BK NA/AMERANT BC ,157,NAT,7742
FIRST BK/FIRST BC ,158,SMB,7740
MIZUHO BK USA/MIZUHO AMERS LLC ,159,SMB,7653
FIRST SECURITY BK/FIRST SECURITY BANCORP ,160,SNM,7548
ORIGIN BK/ORIGIN BC ,161,SMB,7532
1ST SOURCE BK/1ST SOURCE CORP ,162,SMB,7512
PREMIER BK/PREMIER FNCL CORP ,163,SNM,7474
CONNECTONE BK/CONNECTONE BC ,164,SNM,7449
AMARILLO NB/AMARILLO NAT BC ,165,NAT,7400
CENTURY B&TC/CENTURY BC ,166,SNM,7272
HOMESTREET BK/HOMESTREET ,167,SNM,7219
WILMINGTON TR NA/M&T BK CORP ,168,NAT,7175
LUTHER BURBANK SVG/LUTHER BURBANK CORP ,169,SNM,7075
FIRST FOUND BK/FIRST FOUND ,170,SNM,7037
HERITAGE BK/HERITAGE FC ,171,SNM,7023
SOUTHSIDE BK/SOUTHSIDE BSHRS ,172,SNM,6995
CENTRAL PACIFIC BK/CENTRAL PACIFIC FC ,173,SNM,6972
INTRUST BK NA/INTRUST FC ,174,NAT,6950
NBH BK/NATIONAL BK HOLDS CORP ,175,SMB,6949
MIDLAND ST BK/MIDLAND STATES BANCORP ,176,SMB,6873
WESTAMERICA BK/WESTAMERICA BC ,177,SMB,6867
PINNACLE BK/PINNACLE BC ,178,SNM,6799
BYLINE BK/BYLINE BC ,179,SNM,6743
FIRST BK/FB CORP ,180,SMB,6733
REPUBLIC B&TC/REPUBLIC BANCORP ,181,SNM,6468
HANMI BK/HANMI FC ,182,SNM,6437
ALLEGIANCE BK/ALLEGIANCE BSHRS ,183,SNM,6423
UNIVEST B&TC/UNIVEST FC ,184,SMB,6398
AMALGAMATED BK/WORKERS UNITED ,185,SNM,6391
HAPPY ST BK/HAPPY BSHRS ,186,SNM,6327
JOHNSON BK/JOHNSON FNCL GRP ,187,SMB,6036
HORIZON BK/HORIZON BC ,188,SNM,6036
LAKE CITY BK/LAKELAND FC ,189,SMB,6003
CROSSFIRST BK/CROSSFIRST BSHRS ,190,SNM,5993
PEAPACK GLADSTONE BK/PEAPACK-GLADSTONE FC ,191,SMB,5971
BANK OF COLORADO/PINNACLE BC ,192,SNM,5935
UNION B&TC/FARMERS & MRCH INV ,193,SNM,5861
CITY NB OF WV/CITY HC ,194,NAT,5831
BANKERS TC/BTC FC ,195,SNM,5829
CENTIER BK/FIRST BSHRS ,196,SNM,5761
MIDWESTONE BK/MIDWESTONE FNCL GRP ,197,SNM,5731
WASHINGTON TC OF WESTERLY/WASHINGTON TR BC ,198,SNM,5719
FIRST AMER BK/FIRST AMER BK CORP ,199,SNM,5704
LAKE FOREST B&TC NA/WINTRUST FC ,200,NAT,5702
ALPINE BK/ALPINE BK OF CO ,201,SNM,5639
GREAT SOUTHERN BK/GREAT SOUTHERN BC ,202,SNM,5607
BROOKLINE BK/BROOKLINE BC ,203,SMB,5475
PREFERRED BK/ ,204,SNM,5450
FIRST NAT BKG ASSN/FIRST BSHRS ,205,NAT,5437
FREMONT BK/FREMONT BC ,206,SNM,5402
DBA REPUBLIC BANK/REPUBLIC FIRST BC ,207,SNM,5386
COMMUNITY TR BK INC/COMMUNITY TR BC ,208,SMB,5326
SUNFLOWER BK NA/FIRSTSUN CAP BC ,209,NAT,5308
FIVE STAR BK/FINANCIAL INST ,210,SMB,5292
RBC BK GA NA/RBC US GRP HOLDS LLC ,211,NAT,5267
WELLS FARGO BK S CENT NA/WELLS FARGO & CO ,212,NAT,5262
GERMAN AMER BK/GERMAN AMER BC ,213,SNM,5210
PEOPLES BK/PEOPLES BC ,214,SMB,5134
CAMDEN NB/CAMDEN NAT CORP ,215,NAT,5068
STOCKMAN BK OF MT/STOCKMAN FC ,216,SNM,5019
HERITAGE BK OF CMRC/HERITAGE CMRC CORP ,217,SMB,4999
BANKPLUS/BANCPLUS CORP ,218,SNM,4940
FIRST NB ALASKA/ ,219,NAT,4928
METROPOLITAN CMRL BK/METROPOLITAN BK HOLD CORP ,220,SMB,4921
BRYN MAWR TC/BRYN MAWR BK CORP ,221,SMB,4911
CNB BK/CNB FC ,222,SNM,4880
BROADWAY NB/BROADWAY BSHRS ,223,NAT,4875
STOCK YARDS B&TC/STOCK YARDS BC ,224,SNM,4790
FIRST MID B&TC NA/FIRST MID BSHRS ,225,NAT,4778
MORTON CMNTY BK/HOMETOWN CMNTY BC ESOP & TR ,226,SNM,4767
FARMERS & MRCH BK CENT CA/FARMERS & MRCH BC ,227,SNM,4734
OCEAN BK/OCEAN BSHRS ,228,SNM,4704
MERCANTILE BK OF MI/MERCANTILE BK CORP ,229,SNM,4691
AMERICAN NB/AMERICAN NAT CORP ,230,NAT,4608
STIFEL BK/STIFEL FNCL CORP ,231,SMB,4566
FIRST FNCL BK NA/FIRST FC ,232,NAT,4554
NICOLET NB/NICOLET BSHRS ,233,NAT,4537
B1BANK/BUSINESS FIRST BSHRS ,234,SNM,4450
AMERICAN NB TX/ANB HC ,235,NAT,4449
INDEPENDENT BK/INDEPENDENT BK CORP ,236,SMB,4426
FIRST INTERNATIONAL B&TC/WATFORD CITY BSHRS ,237,SNM,4321
ENTERPRISE B&TC/ENTERPRISE BC ,238,SNM,4258
FIRST NB OF LONG ISLAND/FIRST OF LONG ISLAND CORP ,239,NAT,4254
CAMBRIDGE TC/CAMBRIDGE BC ,240,SNM,4253
COMMUNITY BK OF MS/COMMUNITY BSHRS ESOP ,241,SNM,4244
EQUITY BK/EQUITY BSHRS ,242,SMB,4197
BANK OF STOCKTON/1867 WESTERN FC ,243,SNM,4194
FIRST INTERNET BK IN/FIRST INTERNET BC ,244,SNM,4186
GREEN DOT BK/GREEN DOT CORP ,245,SMB,4163
CARTER BK & TR/CARTER BSHRS ,246,SNM,4142
COMMUNITYBANK TX NA/HILLISTER ENT II ,247,NAT,4029
HILLS B&TC/HILLS BC ,248,SNM,4001
HINSDALE B&TC NA/WINTRUST FC ,249,NAT,3987
CTBC BK CORP USA/CTBC CAP CORP ,250,SNM,3969
CENTRAL BK OF THE MW/CENTRAL BANCOMPANY INC ,251,SMB,3955
CAPITAL CITY BK/CAPITAL CITY BK GRP ,252,SMB,3924
SOUTHERN B&TC/SOUTHERN BSHRS NC ,253,SNM,3924
CANANDAIGUA NB&TC/CANANDAIGUA NAT CORP ,254,NAT,3895
DBA FIRST CONVENIENCE BK/FIRST CMNTY BSHRS ,255,NAT,3890
HEARTLAND B&TC/HBT FNCL ,256,SNM,3863
NORTHBROOK B&TC NA/WINTRUST FC ,257,NAT,3819
SUMITOMO MITSUI TR BK USA/ ,258,SNM,3804
RCB BK/RCB HC ,259,SMB,3794
FIRST B&T/FISHBACK FC ,260,SNM,3752
ATLANTIC CAP BK NA/ATLANTIC CAP BSHRS ,261,NAT,3732
CITY BK/SOUTH PLAINS FNCL ESOP ,262,SNM,3731
BAR HARBOR BK & TR CO/BAR HARBOR BSHRS ,263,SNM,3729
MANUFACTURERS BK/SMBC AMERS HOLDS ,264,SNM,3722
AMERICAN BUS BK/ ,265,SNM,3705
NORTHPOINTE BK/NORTHPOINTE BSHRS ,266,SNM,3685
INWOOD NB/INWOOD BSHRS ,267,NAT,3667
ROYAL BUS BK/RBB BC ,268,SNM,3663
INTERBANK/OLNEY BSHRS OF TX ,269,SMB,3662
HOMETRUST BK/HOMETRUST BSHRS ,270,SMB,3648
SECURITY BK OF KANSAS CITY/VALLEY VIEW BSHRS ,271,SNM,3618
TIB THE INDEP BANKERSBANK NA/INDEPENDENT BKR FC ,272,NAT,3586
TEXAS B&TC/OVERTON FC ,273,SNM,3580
FIRST ST CMNTY BK/FIRST ST BSHRS ,274,SNM,3556
SMARTBANK/SMARTFINANCIAL ,275,SMB,3553
BARRINGTON B&TC NA/WINTRUST FC ,276,NAT,3552
WILSON B&TC/WILSON BHC ,277,SNM,3537
CENTRAL TR BK/CENTRAL BANCOMPANY INC ,278,SMB,3537
ALTABANK/ALTABANCORP ,279,SNM,3521
BURKE & HERBERT B&TC/ ,280,SNM,3505
POPPY BK/BIG POPPY HOLDS ,281,SNM,3457
CENTRAL B&TC/CENTRAL BSHRS ,282,SNM,3455
RIVER CITY BK/ ,283,SNM,3408
ANB BK/STURM FNCL GROUP INC ,284,SMB,3394
MID PENN BK/MID PENN BC ,285,SNM,3381
UNITED CMNTY BK/UNITED CMNTY BC ,286,SNM,3336
CITIZENS FIRST BK/VILLAGES BC ,287,SNM,3334
PRIMIS BK/PRIMIS FNCL CORP ,288,SMB,3332
BANK OF THE SIERRA/SIERRA BC ,289,SNM,3327
FARMERS NB/FARMERS NAT BC ,290,NAT,3312
EXCHANGE BK/FRANK P DOYLE TR ARTICLE IX ,291,SNM,3294
LENDINGCLUB BK NA/LENDINGCLUB CORP ,292,NAT,3291
DACOTAH BK/DACOTAH BKS ,293,SMB,3249
SUMMIT CMNTY BK/SUMMIT FNCL GROUP ,294,SNM,3246
VERABANK NA/VERABANK ,295,NAT,3193
WEST BK/WEST BC ,296,SNM,3172
BANK RHODE ISLAND/BROOKLINE BC ,297,SMB,3171
OLD SECOND NB/OLD SECOND BC ,298,NAT,3170
BLUE RIDGE BK NA/BLUE RIDGE BSHRS ,299,NAT,3155
ALERUS FNCL NA/ALERUS FC ,300,NAT,3150
CAPSTAR BK/CAPSTAR FNCL HOLDS ,301,SMB,3148
TOWN BK NA/WINTRUST FC ,302,NAT,3146
FIRST CMNTY BK/FIRST CMNTY BSHRS ,303,SMB,3139
FIRST PREMIER BK/UNITED NAT CORP ,304,SMB,3131
FIDELITY BK/FIDELITY BSHRS NC ,305,SNM,3126
NATIONAL CO-OP BK NA/NATIONAL CONSUMER CO-OP BK ,306,NAT,3080
INDEPENDENCE BK OF KY/INDEPENDENCE BSHRS ,307,SMB,3076
BRIDGEWATER BK/BRIDGEWATER BSHRS ,308,SNM,3069
GLENS FALLS NB&TC/ARROW FC ,309,NAT,3063
BANK OF MARIN/BANK OF MARIN BC ,310,SNM,3058
AMERICAN NB&TC/AMERICAN NAT BSHRS ,311,NAT,3057
CIVISTA BK/CIVISTA BSHRS ,312,SMB,3054
RELIANT BK/RELIANT BC ,313,SMB,3050
CHOICE FNCL GRP/CHOICE FNCL HOLD ,314,SNM,3030
PEOPLES SCTY B&TC/PEOPLES FS CORP ,315,SNM,2993
NATIONAL BK OF INDIANAPOLIS/NATIONAL BK INDIANAPOLIS CORP ,316,NAT,2993
FIRST NB AMER/FIRST NAT BSHRS ,317,NAT,2993
FIRST B&T/HEARTLAND FNCL USA ,318,SNM,2991
ORRSTOWN BK/ORRSTOWN FNCL SVC ,319,SMB,2963
WEST SUBURBAN BK/WEST SUBURBAN BC ,320,SNM,2944
BESSEMER TC NA/BESSEMER GRP ,321,NAT,2931
INDUSTRIAL & CMRL BK/EAST ASIA HC ,322,NAT,2913
PARKWAY B&TC/PARKWAY BC ,323,SNM,2898
GUARANTY B&TC NA/GUARANTY BSHRS ,324,NAT,2891
FINEMARK NB&TC/FINEMARK HOLD ,325,NAT,2871
BCB CMNTY BK/BCB BC ,326,SNM,2852
CARROLLTON BK/CBX CORP ,327,SNM,2850
BANK FIRST NA/BANK FIRST CORP ,328,NAT,2846
RED RIVER BK/RED RIVER BSHRS ,329,SNM,2820
STAR FNCL BK/STAR FNCL GRP ,330,SNM,2767
MERCHANTS BK NA/MERCHANTS FNCL GROUP ,331,NAT,2746
FIDELITY BK NA/FIDELITY FC ,332,NAT,2742
LONE STAR NB/LONE STAR NAT BSHRS TX ,333,NAT,2738
BANK OF TAMPA/TAMPA BAY BKG CO ,334,SNM,2736
MACATAWA BK/MACATAWA BC ,335,SNM,2734
SOUTHERN BK/SOUTHERN MO BC ,336,SMB,2719
WHEATON B&TC NA/WINTRUST FC ,337,NAT,2706
HOME BK NA/HOME BC ,338,NAT,2702
AMERICAN MOMENTUM BK/ADAM BK GRP ,339,SNM,2700
CENTRAL BK OF BOONE CTY/CENTRAL BANCOMPANY INC ,340,SMB,2684
AMBOY BK/AMBOY BC ,341,SMB,2656
VANTAGE BK TX/VBT FC ,342,SMB,2653
MVB BK INC/MVB FC ,343,SNM,2642
CACHE VALLEY BK/CACHE VALLEY BKG CO ,344,SNM,2642
ACNB BK/ACNB CORP ,345,SNM,2640
PEOPLES BK/PEOPLES BC ,346,SNM,2636
CITYWIDE BKS/HEARTLAND FNCL USA ,347,SNM,2632
HOWARD BK/HOWARD BC ,348,SNM,2625
FIRST BUS BK/FIRST BUS FS ,349,SNM,2617
BANK OF MO/RELIABLE CMNTY BSHRS ,350,SNM,2601
NORTHERN B&TC/NORTHERN BC ,351,SNM,2585
NATIONAL EXCHANGE B&T/NEB CORP ,352,NAT,2581
SOUTHERN FIRST BK/SOUTHERN FIRST BSHRS ,353,SNM,2579
LEVEL ONE BK/LEVEL ONE BC ,354,SNM,2573
FIRST GUARANTY BK/SMITH & HOOD HC LLC ,355,SNM,2566
DL EVANS BK/DL EVANS BC ,356,SNM,2554
FRANDSEN B&T/FRANDSEN FC ,357,SMB,2541
WESTSTAR BK/WESTSTAR BHC ,358,SMB,2520
TOMPKINS TC/TOMPKINS FNCL CORP ,359,SNM,2516
FIRST B&TC/FIRST BC ,360,SMB,2514
FIRST CHOICE BK/FIRST CHOICE BC ,361,SMB,2506
BRYANT BK/ ,362,SNM,2502
WOORI AMER BK/ ,363,SNM,2474
CENTRAL BK OF ST LOUIS/CENTRAL BANCOMPANY INC ,364,SMB,2465
CHEMUNG CANAL TC/CHEMUNG FC ,365,SMB,2437
LEADER BK NA/LEADER BC ,366,NAT,2420
REPUBLIC BK OF CHICAGO/REPUBLIC BC CO ,367,SNM,2415
GULF COAST B&TC/ ,368,SNM,2411
AUSTIN BK TX NA/JSA FAM LP ,369,NAT,2410
AUSTIN BK TX NA/JANE AUSTIN CHAPMAN LP ,369,NAT,NA
JEFFERSON BK/JEFFERSON BSHRS ,370,SNM,2407
INVESTAR BK NA/INVESTAR HC ,371,NAT,2406
FIRST FIDELITY BK/FIRST FIDELITY BC ,372,SMB,2406
FIRST BK/ ,373,SNM,2406
FIRST NB/FIRST BC ,374,NAT,2403
STEARNS BK NA/STEARNS FNCL SVC ESOP ,375,NAT,2401
BANK ANN ARBOR/ARBOR BC ,376,SNM,2389
MINNWEST BK/MINNWEST CORP ,377,SNM,2364
NEW MEXICO B&TC/HEARTLAND FNCL USA ,378,SNM,2358
FIRST DAKOTA NB/FIRST DAKOTA FC ,379,NAT,2353
BANTERRA BK/BANTERRA CORP ,380,SNM,2343
ARMSTRONG BK/IRONHORSE FNCL GRP ,381,SNM,2340
EMPRISE BK/EMPRISE FC ,382,SNM,2337
MIDWEST BANKCENTRE/STUPP BROS ,383,SMB,2336
NORTHRIM BK/NORTHRIM BC ,384,SNM,2335
ACADEMY BK NA/DICKINSON FC II ,385,NAT,2327
KS STATEBANK/MANHATTAN BC ,386,SNM,2318
CITIZENS & NORTHERN BK/CITIZENS & NORTHERN CORP ,387,SNM,2317
FIRST FARMERS B&TC/FIRST FARMERS FC ,388,SMB,2313
LAKESIDE BK/LAKESIDE BC ,389,SNM,2302
UNITED BUS BK/BAYCOM CORP ,390,SMB,2287
VILLAGE B&TC NA/WINTRUST FC ,391,NAT,2283
COUNTRY CLUB BK/CCB FNCL CORP ,392,SMB,2277
PEOPLES BK A CODORUS VALLEY CO/CODORUS VALLEY BC ,393,SNM,2275
FIRST FL INTEGRITY BK/TGR FNCL ,394,SMB,2272
CB&S BK/CBS BANC CORP ,395,SNM,2247
INTERAUDI BK/ ,396,SNM,2242
BANKWELL BK/BANKWELL FNCL GRP ,397,SNM,2241
PROFESSIONAL BK/PROFESSIONAL HOLD CORP ,398,SMB,2234
FIRST WESTERN TR BK/FIRST WESTERN FNCL ,399,SNM,2205
CENTRAL VALLEY CMNTY BK/CENTRAL VALLEY CMNTY BC ,400,SNM,2200
BRADESCO BAC FL BK/LECCE HOLDS SA ,401,SNM,2160
METRO CITY BK/METROCITY BSHRS ,402,SNM,2159
SOUTHEAST BK/EDUCATION LOAN FNC ,403,SNM,2151
FIVE STAR BK/FIVE STAR BC ,404,SNM,2150
COMMUNITY BK OF THE CHESAPEAKE/COMMUNITY FC ,405,SNM,2148
SUNWEST BK/H BC LLC ,406,SNM,2148
TRADITIONAL BK/TRADITIONAL BC ,407,SNM,2140
CITIZENS & FARMERS BK/C&F FC ,408,SNM,2137
NORTHWEST BK/NORTHWEST FC ,409,SNM,2135
EVANS BK NA/EVANS BC ,410,NAT,2129
CASHMERE VALLEY BK/ ,411,SNM,2120
QUAD CITY B&TC/QCR HOLDS ,412,SMB,2107
PARKE BK/PARKE BC ,413,SNM,2103
AMERICAN FNB/AFNB HOLD ,414,NAT,2101
BANK INDEP/BANCINDEPENDENT ,415,SMB,2100
MONTECITO B&T/MONTECITO BC ,416,SNM,2096
FIRST CITIZENS NB/FIRST CITIZENS BSHRS ,417,NAT,2081
CHOICEONE BK/CHOICEONE FS ,418,SMB,2067
BTH BK NA/BT HOLD ,419,NAT,2060
RIVER B&T/RIVER FC ,420,SNM,2059
CAPITAL BANK NA/CAPITAL BC ,421,NAT,2057
OLD PLANK TRAIL CMNTY BK NA/WINTRUST FC ,422,NAT,2057
PACIFIC CITY BK/PCB BC ,423,SNM,2051
GATEWAY FIRST BK/ ,424,SNM,2049
UNITED BK/UNITED BC ,425,SNM,2048
BANK OF UT/BOU BC ,426,SMB,2045
SHORE UNITED BK/SHORE BSHRS ,427,SMB,2039
LIBERTYVILLE B&TC NA/WINTRUST FC ,428,NAT,2034
COASTAL CMNTY BK/COASTAL FNCL CORP ,429,SMB,2028
VIST BK/TOMPKINS FNCL CORP ,430,SNM,2025
WAYNE BK/NORWOOD FNCL ,431,SNM,2011
JOHN MARSHALL BK/JOHN MARSHALL BC ,432,SMB,2008
CORNERSTONE BK/FIRST YORK BC ,433,SMB,2001
WHITAKER BK/WHITAKER BC ,434,SMB,1999
UNITY BK/UNITY BC ,435,SNM,1998
FCB BKS/FIRST CO BANCORP ,436,SNM,1997
FIRST CITIZENS CMNTY BK/CITIZENS FNCL SVC ,437,SMB,1993
AMERICAN BK CTR/AMERICAN BC ,438,SNM,1982
BANESCO USA/ ,439,SNM,1971
FARMERS & MRCH ST BK/FARMERS & MRCH BC ,440,SNM,1969
CONGRESSIONAL BK/CONGRESSIONAL BSHRS ,441,SNM,1968
ISABELLA BK/ISABELLA BK CORP ,442,SMB,1968
FIRST ST BK/BRISCOE RANCH ,443,SNM,1962
UNITED BK IA/IDA GROVE BSHRS ,444,SNM,1957
FIRSTCAPITAL BK OF TX NA/FIRST BSHRS OF TX ,445,NAT,1949
CALIFORNIA BK OF CMRC/CALIFORNIA BC ,446,SNM,1948
AMERICAN BK NA/AMERICAN BK HOLDING CORP ,447,NAT,1934
LUANA SVG BK/LUANA BC ,448,SNM,1932
DUBUQUE B&TC/HEARTLAND FNCL USA ,449,SNM,1932
FIRST BK HIGHLAND PARK/FIRST BK CHICAGO CORP ,450,SNM,1930
FIRST WESTERN B&TC/WESTBRAND ,451,SMB,1924
MARQUETTE BK/MARQUETTE NAT CORP ,452,SMB,1915
TRI CITY NB/TRI CITY BSHRS CORP ,453,NAT,1914
FIDELITY DEPOSIT & DISCOUNT BK/FIDELITY D&D BC INC ,454,SNM,1908
BEAL BK/BEAL FNCL CORP ,455,SNM,1908
HABIB AMER BK/MAHAM BETEILIGUNGSGESELLSCHAFT ,456,SNM,1901
EXTRACO BKS NA/EXTRACO CORP ,457,NAT,1900
ORANGE B&TC/ORANGE COUNTY BC ,458,SMB,1900
FIRST NB/FIRST PARAGOULD BSHRS ,459,NAT,1889
BANK OF CASTILE/TOMPKINS FNCL CORP ,460,SNM,1887
SHINHAN BK AMER/ ,461,SNM,1886
STATE BK OF SOUTHERN UT/SOUTHERN UT BC ,462,SNM,1882
FVCBANK/FVCBANKCORP ,463,SMB,1880
FIRST FARMERS & MRCH B/FIRST FARMERS & MRCH CORP ,464,SMB,1877
ST CHARLES B&TC NA/WINTRUST FC ,465,NAT,1873
TEXAS FIRST BK/TEXAS INDEPENDENT BSHRS ,466,SMB,1873
PINNACLE BK/PINNACLE BC ,467,SNM,1860
CFG CMNTY BK/CAPITAL FUND BC ,468,SNM,1856
FARMERS B&TC/MAGNOLIA BKG CORP ,469,SMB,1853
PCSB BK/PCSB FC ,470,SNM,1853
FIRST CMNTY BK/FIRST COMMUNITY BSHRS ,471,SNM,1852
CEDAR RAPIDS B&TC/QCR HOLDS ,472,SMB,1846
STRIDE BK NA/CENTRAL SVC CORP ,473,NAT,1842
INTERNATIONAL BK OF CMRC/INTERNATIONAL BSHRS CORP ,474,SNM,1837
COMMUNITY NB&TC/COMMUNITY BC ,475,NAT,1831
MERCHANTS BK OF CMRC/BANK OF CMRC HOLD ,476,SNM,1828
SELECT B&TC/SELECT BC ,477,SNM,1826
LCNB NB/LCNB CORP ,478,NAT,1815
1ST CONSTITUTION BK/1ST CONSTITUTION BC ,479,SNM,1806
CENTRAL BK OF THE OZARKS/CENTRAL BANCOMPANY INC ,480,SMB,1802
FIRST NB OF FORT SMITH/FIRST BK CORP ,481,NAT,1800
COLONY BK/COLONY BC ,482,SNM,1796
FIVE POINTS BK/HOMETOWN BC ,483,SMB,1794
BANKFIRST FINANCIAL SVC/BANKFIRST CAP CORP ,484,SMB,1780
FIRST NORTHERN BK/FIRST NORTHERN CMNTY BC ,485,SNM,1780
FIRST UNITED B&TR/FIRST UNITED CORP ,486,SNM,1764
SOUTHERN BANCORP BK/SOUTHERN BC ,487,SMB,1761
SOMERSET TC/SOMERSET TR HC ,488,SNM,1753
INCREDIBLEBANK/RIVER VALLEY BC ,489,SNM,1746
FIRST SAVINGS BK/FIRST SVG FNCL GR ,490,SMB,1746
BEVERLY B&TC NA/WINTRUST FC ,491,NAT,1745
MAINSTREET BK/MAINSTREET BSHRS ,492,SMB,1743
BANK OF TN/BANCTENN CORP ,493,SNM,1742
MERIDIAN BK/MERIDIAN CORP ,494,SNM,1740
CITIZENS CMNTY FED NA/CITIZENS CMNTY BC ,495,NAT,1732
HAWTHORN BK/HAWTHORN BSHRS ,496,SNM,1724
NEXTIER BK NA/NEXTIER ,497,NAT,1722
FIRST HOME BK/FIRST HOME BC ,498,SMB,1717
QUEENSBOROUGH NB&TC/QUEENSBOROUGH CO ,499,NAT,1716
NORTHEAST BK/ ,500,SNM,1715
BANK IA/BANK IA CORP ,501,SMB,1713
CITIZENS NB/FIRST CITIZENS BSHRS ,502,NAT,1701
ESSEX BK/COMMUNITY BKR TR CORP ,503,SMB,1699
TEXAS CMNTY BK/VISION BSHRS ,504,SMB,1691
BANK OF PRINCETON/ ,505,SNM,1685
CITIZENS NB OF MERIDIAN/CITIZENS NAT BANC CORP ,506,NAT,1680
CENTRAL BK/CENTRAL BC ,507,SNM,1677
COMMERCIAL BK/UNIFIED SHARES LLC ,508,SMB,1673
COMMERCIAL BK/ROBERTSON HC LP ,508,SMB,NA
BANK OF SOUTHERN CA NA/SOUTHERN CA BC ,509,NAT,1673
OAK VALLEY CMNTY BK/OAK VALLEY BC ,510,SMB,1666
OAKSTAR BK/OAKSTAR BSHRS ,511,SMB,1663
FARMERS & MERCHANTS BK/FARMERS & MERCHANTS BSHRS ,512,SMB,1657
STATE BK OF CROSS PLAINS/SBCP BC ,513,SNM,1654
FALCON INTL BK/FALCON BSHRS ,514,SNM,1651
TEXAS PTNRS BK/SOUTHWEST BSHRS ,515,SNM,1650
COMMERCIAL BK OF CALIFORNIA/CBC BC ,516,SNM,1646
HERITAGE SOUTHEAST BK/HERITAGE SOUTHEAST BC ,517,SNM,1645
STARION BK/STARION BC ,518,SNM,1645
BLACKHAWK B&T/BLACKHAWK BC ,519,SNM,1642
PROGRESS B&T/PROGRESS FC ,520,SNM,1638
BANK OF CMRC/ ,521,SNM,1635
US CENTURY BK/ ,522,SNM,1633
SUNRISE BKS NA/DBA SUNRISE BKS ,523,NAT,1631
CONWAY NB/CNB CORP ,524,NAT,1626
FIRST UNITED BK/PLAINS BC ,525,SNM,1625
MAHOPAC BK/TOMPKINS FNCL CORP ,526,SNM,1622
PIEDMONT BK/PIEDMONT BC ,527,SNM,1622
BANKFINANCIAL NA/BANKFINANCIAL CORP ,528,NAT,1620
ARIZONA BK & TR/HEARTLAND FNCL USA ,529,SNM,1615
SOUTH CENT BK/SOUTH CENTRAL BSHRS OF KY ,530,SNM,1612
TEXAS RGNL BK/TEXAS ST BSHRS ,531,SMB,1611
PINNACLE BK/PINNACLE FC ,532,SNM,1608
WESTERN ST BK/WESTERN ST AGY INC ESOP & TR ,533,SNM,1607
FIDELITY B&T/FIDELITY CO ,534,SNM,1599
CFBANK NA/CF BSHRS ,535,NAT,1598
FARMERS & MERCHANTS TR CO OF/FRANKLIN FNCL SVC CORP ,536,SNM,1597
STATE BK OF THE LAKES NA/WINTRUST FC ,537,NAT,1591
CENTRAL BK/COMMERCIAL FNCL CORP ,538,SMB,1591
KITSAP BK/OLYMPIC BC ,539,SNM,1588
CNB B&T NA/CNB BK SHARES ,540,NAT,1585
ILLINOIS B&TC/HEARTLAND FNCL USA ,541,SNM,1585
FIRST CITIZENS BK/FIRST CITIZENS FNCL CORP ,542,SMB,1584
PACIFIC MERC BK/PACIFIC MERC BC ,543,SMB,1579
HEARTLAND BK/HEARTLAND BC ,544,SMB,1568
FIRST FINANCIAL BK/FIRST FINANCIAL BANC CORP ,545,SMB,1557
PEOPLES BK/NORTHWEST IN BC ,546,SNM,1556
QNB BK/QNB CORP ,547,SNM,1556
NATIONAL BK OF BLACKSBURG/NATIONAL BSHRS ,548,NAT,1552
SANTA CRUZ CTY BK/ ,549,SNM,1551
CITIZENS BK/CITIZENS HC ,550,SNM,1548
LYONS NB/LYONS BC ,551,NAT,1547
ADIRONDACK TC/ADIRONDACK TC ESOT ,552,SMB,1543
FIRST NB/CAPITOL BC ,553,NAT,1543
UNITED BKR BK/UNITED BKR BC ,554,SMB,1540
PEOPLES BK/PEOPLES BC OF NC ,555,SNM,1535
NORTH DALLAS B&TC/ ,556,SNM,1534
AVIDBANK/AVIDBANK HOLD ,557,SNM,1533
EPHRATA NB/HIBSHMAN TR FOR EPHRATA NB STK ,558,NAT,1531
INB NA/ILLINOIS NAT BC ,559,NAT,1530
PACIFIC COAST BKR BK/PACIFIC COAST BKR BSHRS ,560,SMB,1527
MABREY BK/MABREY BC ,561,SMB,1525
SCHAUMBURG B&TC NA/WINTRUST FC ,562,NAT,1515
LINCOLN SVGS BK/LINCOLN BC ,563,SNM,1511
AMERICAN HERITAGE BK/AMERICAN BC ,564,SMB,1507
MBANK/MACKINAC FC ,565,SNM,1506
CORTRUST BK NA/HOPKINS FC ,566,NAT,1502
FORCHT BK NA/FORCHT BC INC ,567,NAT,1499
WATERFORD BK NA/WATERFORD BC ,568,NAT,1498
FNCB BK/FNCB BC ,569,SNM,1495
FIRST AMER BK/FIRST ARTESIA BSHRS ,570,SNM,1495
COMMUNITY NB/MIDLAND BSHRS ,571,NAT,1493
FIRST CMNTY BK/FIRST CMNTY CORP ,572,SNM,1492
PEOPLES NB/MARKET STREET BSHRS ,573,NAT,1492
GLENVIEW ST BK/CUMMINS-AMER CORP ,574,SNM,1491
BANK FIVE NINE/OCONOMOWOC BSHRS ,575,SNM,1490
INVESTORS CMNTY BK/COUNTY BC ,576,SNM,1488
FIRST NB IN SIOUX FALLS/MINNEHAHA BSHRS ,577,NAT,1481
SECURITY ST B&TC/SECURITY HC ,578,SNM,1475
COMMUNITY BK/CB FNCL SERV INC ,579,SNM,1475
EMBASSY BK FOR THE LEHIGH VALL/EMBASSY BC ,580,SNM,1467
INTERNATIONAL BK OF CMRC/INTERNATIONAL BSHRS CORP ,581,SNM,1465
SOUTHERN ST BK/SOUTHERN ST BSHRS ,582,SNM,1459
OPEN BK/OP BC ,583,SNM,1455
MOODY NB/MOODY BSHRS ,584,NAT,1453
FIRST NAT B&TC/CENTRE 1 BC ,585,NAT,1447
COMMUNITY FNCL SVC BK/COMMUNITY FNCL SVC ESOP ,586,SMB,1445
BANK OF UTICA/ ,587,SNM,1441
BANKWEST/SOUTH DAKOTA BSHRS ,588,SNM,1441
FIRST ST BK/RED RIVER BC ,589,SMB,1440
COMMONWEALTH BUS BK/CBB BC ,590,SMB,1437
FIRST FNCL NW BK/FIRST FNCL NW ,591,SNM,1430
BANK OF BLUE VALLEY/HEARTLAND FNCL USA ,592,SNM,1425
ONE CMNTY BK/BOSSHARD FNCL GRP ,593,SMB,1421
BANK OF NY MELLON TC NA/BANK OF NY MELLON CORP ,594,NAT,1420
WEST TX NB/FIRST WEST TX BSHRS ,595,NAT,1418
TRADITION CAP BK/TRADITION BSHRS ,596,SNM,1414
SALISBURY B&TC/SALISBURY BC ,597,SNM,1403
PREMIER BK/PREMIER FNCL BC ,598,SNM,1395
MIDDLEFIELD BKG CO/MIDDLEFIELD BC ,599,SNM,1388
CECILIAN BK/FIRST CECILIAN BANCORP ,600,SNM,1388
AVAILA BK/CARROLL CTY BSHRS ,601,SNM,1387
FIRST ST BK/TRI-COUNTY FNCL GRP ,602,SNM,1385
FARMERS ST BK/FSB FS ,603,SNM,1380
BENEFICIAL ST BK/BENEFICIAL ST FOUND ,604,SNM,1379
SECURITY NB OF SIOUX CITY IA/SECURITY NAT CORP ,605,NAT,1378
RIVERVIEW BK/RIVERVIEW FC ,606,SNM,1374
VISTA BK/VISTA BSHRS ,607,SMB,1371
CITIZENS NB/CNB BSHRS ,608,NAT,1367
SUSSER BK/SBH MANAGER LLC ,609,SMB,1366
BANK OF JACKSON HOLE/BANCSHARES OF JACKSON HOLE ,610,SMB,1366
MISSION BK/MISSION BC ,611,SMB,1362
CALPRIVATE BK/PRIVATE BC OF AMER ,612,SNM,1359
STERLING BK/STERLING BSHRS ,613,SNM,1358
SAVINGS BK OF MENDOCINO CTY/ ,614,SNM,1357
ONE BK OF TN/BPC CORP ,615,SNM,1357
LIMESTONE BK/LIMESTONE BC ,616,SNM,1354
PROVIDENCE B&TC/PROVIDENCE FC ,617,SNM,1353
GUARANTY B&TC/GUARANTY CAPITAL CORP ,618,SNM,1352
JEFF DAVIS B&TC/JD BSHRS ,619,SNM,1351
VALLEY REPUBLIC BK/VALLEY REPUBLIC BC ,620,SNM,1349
PLANTERS B&TC/PLANTERS HOLDING COMPANY ,621,SNM,1348
SECURITY FIRST BK/STOCKMENS FC ,622,SNM,1344
MORRIS BK/MORRIS ST BSHRS ,623,SNM,1339
SUNCREST BK/ ,624,SNM,1338
CRYSTAL LAKE B&TC NA/WINTRUST FC ,625,NAT,1336
SIGNATURE BK/SIGNATURE BC ,626,SNM,1326
JERSEY SHORE ST BK/PENNS WOODS BC ,627,SNM,1325
WAUKESHA ST BK/BANK ST CAP CORP ,628,SNM,1324
F&M BK/F&M FC ,629,SNM,1320
STATE B&TC/SB FNCL GRP ,630,SMB,1319
SIGNATURE BK NA/SIGNATURE BC ,631,NAT,1318
PLANTERS BK/PLANTERS FNCL GRP ,632,SNM,1314
WESTCHESTER BK/WESTCHESTER BHC ,633,SNM,1313
WALLIS BK/WALLIS BSHRS ,634,SNM,1312
INLAND B&TC/INLAND BC ,635,SNM,1307
AMERICAN BK CMRC/AMERICO BSHRS ,636,SNM,1306
HERITAGE BK INC/COMMONWEALTH HOLDINGS LLC ,637,SNM,1304
STATE BK/FENTURA FNCL ,638,SNM,1302
OPPORTUNITY BK OF MT/EAGLE BC MT ,639,SMB,1302
PATHFINDER BK/PATHFINDER BC ,640,SNM,1301
AMERISERV FNCL BK/AMERISERV FNCL ,641,SMB,1297
BANK OF SPRINGFIELD/SPRING BC ,642,SNM,1297
CITIZENS NB NA/CITIZENS NAT BSHRS OF BOSSIER ,643,NAT,1294
1ST SUMMIT BK/1ST SUMMIT BC OF JOHNSTOWN ,644,SNM,1281
VINTON CTY NB/COMMUNITY BSHRS ,645,NAT,1277
FIRST VOLUNTEER BK/FIRST VOLUNTEER CORP ,646,SNM,1276
KENTUCKY BK/KENTUCKY BSHRS INC ,647,SNM,1271
CITIZENS ST BK/INDUSTRY BSHRS ,648,SNM,1268
NORTH ST BK/NORTH STATE BC ,649,SMB,1266
ALMA BK/ ,650,SNM,1265
LEGACY BK/MIDSTATE BC ,651,SNM,1265
WISCONSIN B&TC/HEARTLAND FNCL USA ,652,SNM,1264
GOLDEN BK NA/ ,653,NAT,1264
CASS CMRL BK/CASS INFO SYS ,654,SMB,1264
NODAWAY VALLEY BK/NODAWAY VALLEY BSHRS ,655,SNM,1257
FIRSTBANK SW/FIRSTPERRYTON BC ,656,SNM,1256
THOMASVILLE NB/THOMASVILLE BSHRS ,657,NAT,1255
ALLIANCE BK/ALLIANCE BSHRS ,658,SNM,1254
OLD POINT NB OF PHOEBUS/OLD POINT FC ,659,NAT,1250
ARMED FORCES BK NA/DICKINSON FC II ,660,NAT,1249
BANKERS BK/BANKERS BC ,661,SMB,1248
LANDMARK NB/LANDMARK BC INC ,662,NAT,1246
BANK OF THE PACIFIC/PACIFIC FC ,663,SNM,1244
SABINE ST B&TC/SABINE BSHRS ,664,SNM,1242
FIRST NB&TC NEWTOWN/FNB BC ,665,NAT,1238
CHESAPEAKE BK/CHESAPEAKE FNCL SHARES ,666,SMB,1238
PINNACLE BK WY/PINNACLE BC ,667,SNM,1237
NANO BANC/ALLEGIANT UNITED HOLDS LLC ,668,SMB,1237
MEADOWS BK/ ,669,SNM,1237
DIETERICH BK/PRIME BANC CORP ,670,SMB,1235
DBA TAB BANK/TAB BK HOLDS ,671,SNM,1234
GUARANTY BK/GUARANTY FED BSHRS ,672,SNM,1226
BNC NB/BNCCORP ,673,NAT,1226
FIRST ST BK OF THE FL/FIRST ST BK OF THE FL KEYS HC ,674,SNM,1225
PARK BK/PARK BC ,675,SNM,1218
COMMONWEALTH B&TC/COMMONWEALTH BSHRS ,676,SNM,1214
FIRST KEYSTONE CMNTY BK/FIRST KEYSTONE CORP ,677,SNM,1213
EVERGREEN BK GRP/BANCORP FNCL ,678,SNM,1211
AMERICAN B&T/LEACKCO BHC ,679,SNM,1210
OHIO VALLEY BK CO/OHIO VALLEY BC ,680,SMB,1210
FIRST B&TC/FIRST TR CORP ,681,SNM,1209
ANDERSON BROS BK/ANDERSON BSHRS ,682,SNM,1208
NBKC BK/AMERI-NATIONAL CORP ,683,SNM,1207
CENTRAL NB/CENTRAL OF KS ,684,NAT,1207
TROY B&TC/TRUST NO 3 UNDER THE WILL OF ,685,SNM,1207
PLUMAS BK/PLUMAS BC ,686,SMB,1206
MALVERN BK NA/MALVERN BC ,687,NAT,1205
BLACKHAWK BK/BLACKHAWK BC ,688,SNM,1197
INDEPENDENT BK/INDEPENDENT HOLDINGS ,689,SNM,1195
UNITED SCTY BK/UNITED SCTY BSHRS ,690,SMB,1186
BANK OF NEW ENGLAND/ ,691,SNM,1186
COMMERCEWEST BK/CW BC ,692,SMB,1184
SUTTON BK/SUTTON BSHRS ,693,SNM,1182
COASTAL STS BK/COASTALSOUTH BSHRS ,694,SNM,1180
SECURITY FED BK/SECURITY FED CORP ,695,SNM,1179
BANK OF CLARKE CTY/EAGLE FNCL SVC ,696,SMB,1178
NORTHWAY BK/NORTHWAY FNCL ,697,SNM,1177
MONTGOMERY BK/MONTGOMERY BC ,698,SMB,1176
AMERICAN NB&TC/AMERIBANCSHARES ,699,NAT,1174
CENTRAL NB/CENTRABANC CORP ,700,NAT,1171
EXCHANGE BK/EXCHANGE CO ,701,SNM,1169
FIRST BKR TC NA/FIRST BKR TRUSTSHARES ,702,NAT,1169
MERCHANTS NB/MERCHANTS BC ,703,NAT,1162
FIRST NB CENTRAL TX/2013 MONTE HULSE FAM IRR TR I ,704,NAT,1161
BANK MIDWEST/GOODENOW BC ,705,SMB,1160
CENTURY BK/CENTURY FS CORP ,706,SNM,1154
HORICON BK/SWORD FC ,707,SNM,1153
CBI B&TC/CENTRAL BSHRS ,708,SMB,1151
MOUNTAIN CMRC BK/MOUNTAIN CMRC BC ,709,SNM,1146
FIRST BK RICHMOND/RICHMOND MUT BC ,710,SNM,1141
CHARTER BK/CHARTER BSHRS ,711,SMB,1141
BANK OF TRAVELERS REST/TRAVELERS REST BSHRS ,712,SNM,1141
FIRST CAROLINA BK/FIRST CAROLINA FS ,713,SNM,1140
KISH BK/KISH BC ,714,SNM,1139
SECURITY NB OF OMAHA/SECURITY NAT CORP ,715,NAT,1139
FIRST AMER B&TC/ONE AMER CORP ,716,SNM,1136
GRANDSOUTH BK/GRANDSOUTH BC ,717,SNM,1136
COMMERCIAL BK OF TX NA/NACOGDOCHES CMRL BSHRS ,718,NAT,1133
PEOPLES ST BK/PSB HOLDS ,719,SNM,1131
PLAINS CMRC BK/PLAINS CMRC FNCL ,720,SNM,1130
PEOPLES BK OF AL/ALTRUST FS ,721,SNM,1130
CITIZENS TRI-CTY BK/SEQUATCHIE VALLEY BSHRS ,722,SNM,1130
FIRST GEN BK/ ,723,SNM,1124
CENTRIC BK/CENTRIC FNCL CORP ,724,SNM,1122
COREFIRST B&TC/COMMERCE B&T HC ESOP ,725,SNM,1120
UNITED TX BK/UTB FHC ,726,SMB,1119
CHAMBERS BK/CHAMBERS BSHRS ,727,SNM,1116
AMERICAN ST BK/AMBANK CO ,728,SNM,1116
CORNERSTONE BK/CORNERSTONE HC ,729,SNM,1114
CITIZENS BK/CITIZENS BSHRS ,730,SMB,1112
COMMERCIAL & SVG BK/CSB BC ,731,SMB,1110
FIRST NB OF TN/ ,732,NAT,1106
SOLVAY BK/SOLVAY BC ,733,SMB,1105
UNION BK/UNION BSHRS ,734,SNM,1103
FIRST CMRC BK/ ,735,SNM,1103
FIRST SOUTHERN NB/FIRST SOUTHERN BC ,736,NAT,1102
ADAMS B&TC/ADAGE LLC ,737,SMB,1097
FIRST BK OF THE LAKE/ ,738,SNM,1096
FARMERS B&TC/FARMERS ENT ,739,SNM,1093
CENTRAL BK IL/CENTRAL BANC ,740,SNM,1090
CROGHAN COLONIAL BK/CROGHAN BSHRS ,741,SMB,1090
AMERICAN RIVIERA BK/ ,742,SNM,1083
FIRST NB OF PULASKI/FIRST PULASKI NAT CORP ,743,NAT,1082
DALLAS CAP BK NA/PARK CITIES FNCL GRP ,744,NAT,1081
NATIONAL BK OF CMRC/NATCOM BSHRS ,745,NAT,1081
FIRST NB AMES IA/AMES NAT CORP ,746,NAT,1080
SOUTHERN MI B&TC/SOUTHERN MI BC ,747,SNM,1075
MONONA BK/MONONA BSHRS ,748,SNM,1075
FIELDPOINT PRIV B&TC/FIELDPOINT PRIV HOLDS ,749,SMB,1070
CITIZENS UNION BK/CITIZENS UNION BANCORP ,750,SNM,1069
ADIRONDACK BK/ADIRONDACK BC ,751,SMB,1068
FRONTIER BK/FRONTIER MGMT LLC ,752,SNM,1066
CENTRAL BK OF LK OF THE OZARKS/CENTRAL BANCOMPANY INC ,753,SMB,1066
PREMIER VALLEY BK/HEARTLAND FNCL USA ,754,SNM,1063
FARMERS NB/EMCLAIRE FNCL CORP ,755,NAT,1062
CITIZENS BK/CITCO CMNTY BSHRS ,756,SNM,1061
CITY NB/SULPHUR SPRINGS BSHRS ,757,NAT,1059
CITIZENS BK/CITIZENS BC INV ,758,SNM,1059
UNION BK/UB BC ,759,SNM,1056
FARMERS ST BK/NEIGHBOR INS AGY ,760,SNM,1054
RICHWOOD BKG CO/RICHWOOD BSHRS ,761,SMB,1053
LONE STAR ST BK OF WEST TX/LONE STAR ST BSHRS ,762,SMB,1052
FIRST HARRISON BK/FIRST CAPITAL INC ,763,SNM,1051
FORTIS PRIV BK/FORTIS FNCL ,764,SNM,1047
BANK7/BANK7 CORP ,765,SMB,1045
PROVIDENCE BK/FIRST MID BSHRS ,766,SMB,1043
COMMUNITY ST BK/QCR HOLDS ,767,SMB,1041
COUNTY NB/CNB CMNTY BC ,768,NAT,1041
CITIZENS B&TC/YOUNG CORP ,769,SNM,1035
SOUTH ATLANTIC BK/SOUTH ATLANTIC BSHRS ,770,SNM,1033
NORTHWEST BK/GWY LLC ,771,SNM,1032
HILLTOP NB/MIDLAND FC ,772,NAT,1030
COMMERCIAL B&TC/COMMERCIAL HC ,773,SNM,1029
TWO RIVERS B&TC/TWO RIVERS FNCL GRP ,774,SNM,1027
UNION BK CO/UNITED BSHRS ,775,SNM,1027
FIRST BK/FIRST NAT CORP ,776,SMB,1027
STATE BK OF TX/SBT BSHRS ,777,SNM,1026
CITIZENS BK/CITIZENS BC ,778,SNM,1026
EVERTRUST BK/IBT HC ,779,SNM,1025
SOUTHWEST MO BK/SOUTHWEST MO BC ,780,SNM,1024
FIRST NAT BKRS BK/FIRST NAT BKR BSHRS ,781,NAT,1023
RELYANCE BK NA/JEFFERSON BSHRS ,782,NAT,1022
FARMERS ST BK/FS BC ,783,SNM,1019
YELLOWSTONE BK/YELLOWSTONE HC ,784,SMB,1018
COMMUNITY WEST BK NA/COMMUNITY WEST BSHRS ,785,NAT,1018
FARMERS & MERCHANTS BK/F&M BK CORP ,786,SMB,1010
DEERWOOD BK/DEERWOOD BSHRS ,787,SNM,1007
GREAT PLAINS NB/GREAT PLAINS BSHRS ,788,NAT,1007
LANDMARK CMNTY BK/ ,789,SNM,1007
KIRKPATRICK BK/AMERICAN BC OF OK ,790,SNM,1004
FIRST ST BK/FIRST ST FC ,791,SMB,1001
MINNESOTA B&T/HEARTLAND FNCL USA ,792,SNM,996
SUPERIOR NB/KEWEENAW FC ,793,NAT,994
ESQUIRE BK NA/ESQUIRE FNCL HOLDS ,794,NAT,994
BENCHMARK BK/QUINLAN BSHRS ,795,SNM,993
AUBURNBANK/AUBURN NBC ,796,SMB,993
BANK OF DELMARVA/PARTNERS BC ,797,SMB,991
DAKOTA CMNTY B&TC NA/DAKOTA CMNTY BSHRS ,798,NAT,989
INDEPENDENCE BK/MONTANA SECURITY ,799,SNM,988
CITIZENS B&TC/CITIZENS BKG CORP ,800,SNM,987
NORTH SIDE B&TC/ ,801,SMB,985
CITIZENS BK/CITIZENS BK HOLD ,802,SNM,984
ELKHORN VALLEY B&TC/FEO INV ,803,SNM,982
MONTICELLO BKG CO/MONTICELLO BSHRS ,804,SMB,978
PREMIER BK/PB BSHRS ,805,SNM,976
FIRST NB OF OTTAWA/FIRST OTTAWA BSHRS ,806,NAT,975
ONE FL BK/OFB BSHRS ,807,SNM,973
CORNERSTONE NB&TC/CORNERSTONE BC ,808,NAT,972
PEGASUS BK/BANCFIRST CORP ,809,SNM,972
PEOPLES B&TC/PBT BSHRS ,810,SNM,967
WOOD & HUSTON BK/WOOD & HUSTON BC ,811,SNM,966
PEOPLESSOUTH BK/PEOPLESSOUTH BSHRS ,812,SNM,965
WEST GATE BK/WEST GATE BSHRS ,813,SNM,961
CITIZENS NB/CITIZENS BSHRS ,814,NAT,960
BANK OF HEMET/HEMET BC ,815,SNM,959
CHAIN BRIDGE BK NA/CHAIN BRIDGE BC ,816,NAT,959
FRESNO FIRST BK/COMMUNITIES FIRST FC ,817,SNM,957
CITIZENS ALLI BK/FORSTROM BC ,818,SNM,953
BENCHMARK CMNTY BK/BENCHMARK BSHRS ,819,SMB,952
INDUSTRY ST BK/INDUSTRY BSHRS ,820,SNM,952
FIRST BK OF BERNE/FIRST BERNE FC ,821,SMB,949
APEX BK/APEX BC ,822,SNM,946
HELM BK USA/ ,823,SNM,944
COMMUNITY NAT B&T TX/COMMUNITY BK HOLD TX ,824,NAT,944
KATAHDIN TC/KATAHDIN BSHRS CORP ,825,SNM,941
COMMUNITY NB/COMMUNITY BC ,826,NAT,937
SOUND CMNTY BK/SOUND FNCL BC ,827,SNM,937
FIRST NB/INDUSTRY BSHRS ,828,NAT,936
OAKWORTH CAP BK/OAKWORTH CAP ,829,SNM,934
DIME BK/DIMECO ,830,SNM,934
RESOURCE BK/RESOURCE BSHRS ,831,SNM,933
BANK OF THE ORIENT/ORIENT BC ,832,SMB,933
GROVE B&TC/COCONUT GROVE BSHRS ,833,SMB,933
FIRST ARKANSAS B&T/FIRST ARKANSAS BSHRS ,834,SNM,932
UNITED BK/UNITED BC OF AL ,835,SNM,929
PRIMESOUTH BK/JONES BSHRS ,836,SNM,927
FIRST US BK/FIRST US BSHRS ,837,SNM,926
LEGEND BK NA/LEGEND BC ,838,NAT,926
FIRST OKLAHOMA BK/FIRST OK HOLD ,839,SNM,924
METRO BK/ ,840,SNM,921
FARMERS & MRCHS BK/COUNTRY BSHRS ,841,SNM,921
VIRGINIA NB/VIRGINIA NAT BSHRS CORP ,842,NAT,919
FIRST NB OF HUTCHINSON/FIRST KS BSHRS ,843,NAT,918
FIRST NB OF S MIAMI/FIRST MIAMI BC ,844,NAT,916
VOLUNTEER ST BK/VOLUNTEER ST BSHRS ,845,SNM,916
AMERICAN RIVER BK/AMERICAN RIVER BSHRS ,846,SNM,915
MIDWEST BANK NA/MIDWEST BANC HC ,847,NAT,914
VISION BK NA/VISION BSHRS ,848,NAT,913
FAUQUIER BK/FAUQUIER BSHRS ,849,SMB,911
DBA GNBANK NA/GN BSHRS ,850,NAT,909
FIRST NB/PINNACLE BSHRS CORP ,851,NAT,909
ENCORE BK/ENCORE BSHRS ,852,SMB,908
ANSTAFF BK/FIRST NATIONAL BANCORP ,853,SNM,907
SKYLINE NB/PARKWAY ACQ CORP ,854,NAT,907
TEXAS SCTY BK/TEXAS SCTY BSHRS ,855,SNM,906
APOLLO BK/APOLLO BSHRS ,856,SNM,904
PEOPLES ST BK/PEOPLES BC ,857,SNM,904
NORTH AMER BKG CO/N A CORP ,858,SMB,903
FIRST NB/WICHITA FALLS BSHRS ,859,NAT,902
PLATTE VALLEY BK/PLATTE VALLEY FS CO ,860,SMB,898
BENNINGTON ST BK/BERCO ,861,SNM,898
AMALGAMATED BK CHICAGO/AMALGAMATED INV CO ,862,SNM,896
FIRST ST BK/FIRST ST CORP ,863,SNM,894
PIONEER B&TC/BELLE FOURCHE BSHRS ,864,SNM,894
WESTBURY BK/WESTBURY BC ,865,SNM,894
TENNESSEE ST BK/TENNESSEE ST BSHRS ,866,SMB,894
TRIUMPH BK/TRIUMPH BSHRS ,867,SMB,894
FIRST COLUMBIA B&TC/CCFNB BC ,868,SNM,893
HANOVER COMM BK/HANOVER BC ,869,SNM,890
DBA FIRST BK TX/FIRST BAIRD BSHRS ,870,NAT,889
SUMMIT ST BK/ ,871,SNM,888
BANK OF THE JAMES/BANK OF THE JAMES FNCL GROUP ,872,SMB,887
PATRIOT BK NA/PNBK SPONSOR LLC ,873,NAT,886
CRESCENT B&TC/CB&T HC ,874,SNM,886
NEWFIRST NB/NEWFIRST FNCL GROUP ,875,NAT,885
ROYAL BKS OF MO/ROYAL BSHRS ,876,SNM,885
BANK OF WA/DIAMOND BANCORP ,877,SNM,884
MIDWEST RGNL BK/MIDWEST RGNL BC ,878,SNM,881
MARLIN BUS BK/DBA MARLIN CAP SOLUTIONS ,879,SMB,880
WAUCHULA ST BK/CREWS BKG CORP ,880,SNM,879
TOWN & CNTRY BK/TOWN & CNTRY FC ,881,SMB,878
FIRST NORTHERN B&TC/PALM BC ,882,SMB,878
COGENT BK/COGENT BC ,883,SNM,878
INTERNATIONAL FNC BK/IFB BC ,884,SNM,876
STATE BK OF INDIA CA/ ,885,SNM,875
MODERN BK NA/MODERN BK MGMT LLC ,886,NAT,875
1ST CAP BK/1ST CAP BC ,887,SNM,874
REGENT BK/REGENT CAP CORP ,888,SNM,874
OLD DOMINION NA/ ,889,NAT,872
FREEDOM BK OF VIRGINIA/ ,890,SMB,871
BORDER BK/BORDER BSHRS ,891,SNM,869
STIFEL TC NA/STIFEL FNCL CORP ,892,NAT,867
FIRST METRO BK/FIRST METRO BC ,893,SNM,866
LIBERTY B&TC/LIBERTY FNCL SVC ,894,SNM,866
BANK FORWARD/BANK FORWARD ESOP & TR ,895,SNM,863
GREENE CTY CMRL BK/ ,896,SNM,861
AMERICAN CMNTY B&T/AMERICAN CMNTY FNCL ,897,SNM,860
US METRO BK/US METRO BC ,898,SNM,860
DRUMMOND CMNTY BK/DRUMMOND BKG CO ,899,SNM,859
MIDWEST INDEP BANKERSBANK/MIDWEST INDEP BSHRS ,900,SMB,854
BANKFIRST/NORTH CENTRAL BC ,901,SNM,853
FIRST TX BK/FIRST TX BC ,902,SNM,853
NORTHSTAR BK/NORTHSTAR FNCL GRP ,903,SMB,852
NEWFIELD NB/NEWFIELD BC ,904,NAT,852
TRAILWEST BK/BITTERROOT HC ,905,SNM,851
HONESDALE NB/HONAT BC ,906,NAT,848
BESSEMER TC/BESSEMER GRP ,907,SNM,844
PORT WASHINGTON ST BK/PORT BSHRS ,908,SNM,843
FARMERS NB/PROPHETSTOWN BKG CO ,909,NAT,842
FIRST CMNTY BK OF TN/FIRST CMNTY BC ,910,SNM,842
PRIORITYONE BK/PRIORITYONE CAP CORP ,911,SNM,841
CROCKETT NB/CROCKETT CTY NAT BSHRS ,912,NAT,840
SARATOGA NB&TC/ARROW FC ,913,NAT,838
MID-MISSOURI BK/MID-MO BSHRS ,914,SNM,838
FIRST PALMETTO BK/FIRST PALMETTO FC ,915,SNM,838
INTERNATIONAL BK OF CHICAGO/IBC BC ,916,SNM,838
MAPLEMARK BK/MAPLE FNCL HOLDS ,917,SNM,836
HAWAII NB/HAWAII NAT BSHRS ,918,NAT,836
QUAIL CREEK BK NA/QUAIL CREEK BSHRS ,919,NAT,835
CLEAR MNT BK/STATE BC ,920,SMB,834
RIVER BK/RIVER HC ,921,SNM,833
BANK OF CENT FL/BANK OF CENT FL HC ,922,SNM,833
CENTRAL BK/CENTRAL BSHRS ,923,SMB,830
UWHARRIE BK/UWHARRIE CAP CORP ,924,SMB,829
FARMERS & MRCH BK/F&M FC ,925,SNM,828
FIRST NB/INDUSTRY BSHRS ,926,NAT,827
FIRST NB&TC/FIRST INDEPENDENT BC ,927,NAT,827
FNB BK/FNS BSHRS ,928,SNM,825
FIRST NB MI/FIRST NAT BC ,929,NAT,824
FIRST NB OF BEMIDJI/FIRST NB BEMIDJI ESOP & TR ,930,NAT,823
NEBRASKALAND NB/NEBRASKALAND FS ,931,NAT,822
POINTS WEST CMNTY BK/FIRST NE BANCS ,932,SNM,822
IDAHO FIRST BK/ ,933,SNM,821
PADUCAH B&TC/PADUCAH BSHRS ,934,SMB,820
PRAIRIE ST B&TC/AMERICAN CENT BC ,935,SNM,820
CIERA BK/FIRST GRAHAM BC ,936,SMB,819
CITIZENS BK/EMPLOYEE STOCK BONUS TR EMPL ,937,SNM,819
SPRINGFIELD FIRST CMNTY BK/QCR HOLDS ,938,SMB,819
ACCESS BK/3MV BC ,939,SNM,816
CITIZENS BK/AMADOR BSHRS ,940,SNM,816
FARMERS NB OF DANVILLE/BOYLE BANCORP ,941,NAT,813
CITIZENS ST BK/CSB BSHRS ,942,SNM,813
JEFFERSON BK OF MO/CENTRAL BANCOMPANY INC ,943,SMB,813
FIRST IC BK/FIRST IC CORP ,944,SNM,812
NEW PEOPLES BK/NEW PEOPLES BSHRS ,945,SMB,809
PEOPLES BK OF CMRC/ ,946,SNM,809
FOCUS BK/SECURITY STATE BSHRS ,947,SNM,809
CREDIT ONE BK NA/ ,948,NAT,806
SIGNATURE BK/WHITE RIVER BSHRS CO ,949,SNM,806
CONSUMERS NB/CONSUMERS BC ,950,NAT,805
GENESEE REGIONAL BK/GREATER ROCHESTER BC ,951,SNM,805
FIRST NB/FIRST GRANBURY BC ,952,NAT,805
JUNIATA VALLEY BK/JUNIATA VALLEY FNCL CORP ,953,SNM,804
NBC OKLAHOMA/NBC CORP OF OKLAHOMA ,954,SNM,804
UNITED BK MI/UNITED BK FC ,955,SNM,804
BAC CMNTY BK/BAC FNCL ,956,SNM,803
BANK OF LABOR/INTERNATIONAL BHOOD BOILERMKRS ,957,SNM,802
FIRST NB/BASTROP BSHRS ,958,NAT,802
CONVERSE CTY BK/CONVERSE CTY CAP CORP ,959,SNM,801
FIRST AMER B&TC/FIRST AMER BC ,960,SNM,800
HOMETOWN BK NA/MOODY BSHRS ,961,NAT,799
FIRSTAR BK/FIRSTAR FNCL CORP ,962,SNM,795
FIDELITY BK/FIDELITY HC ,963,SNM,793
BELMONT B&TC/BELMONT FNCL GRP ,964,SNM,792
VININGS BK/VININGS BSHRS ,965,SNM,790
BANK OF WI DELLS/DELLS BSHRS ,966,SNM,790
CITIZENS B&TC/CITIZENS B&T HOLD ,967,SNM,790
AMERASIA BK/ ,968,SNM,789
NATIONAL UNITED/NATIONAL UNITED BSHRS ,969,NAT,789
CORNHUSKER BK/CORNHUSKER GROWTH CORP ,970,SMB,789
CORTLAND SVG & BKG CO/CORTLAND BC ,971,SMB,788
UNITED PRAIRIE BK/FARMERS ST CORP ,972,SNM,787
FIRST ST BK/FIRST ST BC ,973,SNM,787
FIRST NB OF WATERLOO/FIRST WATERLOO BSHRS ,974,NAT,785
PACIFIC NB/ ,975,NAT,784
VAST BK NA/TULSA VALLEY BSHRS CORP ,976,NAT,783
FIRST CMRL BK USA/ ,977,SNM,781
BAKER BOYER NB/BAKER BOYER BC ,978,NAT,780
FIRST ST BK NE/FIRST ST HOLD CO ,979,SMB,780
BANKIOWA/FIDELITY BAN CORP ,980,SNM,779
FARMERS BK/FIRST FARMERS BSHRS ,981,SNM,779
FIRST ST BK/NEBRASKA BSHRS ,982,SNM,778
AMERICAN ST B&TC/AMERICAN ST BSHRS ,983,SMB,777
SECURITY B&TC/SECURITY BSHRS ,984,SNM,777
TOLLESON PRIV BK/TOLLESON WEALTH MGMT ,985,SNM,777
SUMMIT BK/SUMMIT BK GRP ,986,SNM,776
HICKORY POINT B&TC/FIRST IL CORP ,987,SNM,776
SOUTHWESTERN NB/SWNB BC ,988,NAT,775
FIRST SOUTHERN BK/MIDWEST COMMUNITY BSHRS ,989,SNM,775
FIRST RELIANCE BK/FIRST RELIANCE BSHRS ,990,SNM,775
AMERICAN BK/AMERICAN BK INC ,991,SMB,775
ALLIANCE BK/ALLIANCE FS ,992,SNM,774
FINANCIAL FED BK/FINANCIAL FEDCORP ,993,SMB,774
JONESTOWN B&TC/ ,994,SNM,774
COMMERCE ST BK/COMMERCE FNCL HOLDS ,995,SNM,772
WEST MI CMNTY BK/NORTHSTAR FNCL GRP ,996,SMB,771
SECURITY BK/PAWNEE HC ,997,SMB,770
HEBRON SVG BK/HSB BANCORP ,998,SNM,769
PILOT GROVE SVG BK/PILOT GROVE SVGS BK ESOP ,999,SNM,768
CENTRAL BK OF OK/CENTRAL BANCOMPANY INC ,1000,SMB,766
CITIZENS BK OF KY/CITIZENS NAT CORP ,1001,SMB,765
PEOPLES BK/PEOPLES BC ,1002,SNM,764
EVANGELINE B&TC/EVANGELINE BSHRS ,1003,SNM,763
COMMUNITY BK OF THE BAY/BAY CMNTY BC ,1004,SNM,762
OLD FT BKG CO/OLD FT BKG CO ESOP ,1005,SNM,761
OXFORD B&T/OXFORD FC ,1006,SNM,759
GREENFIELD BKG CO/GREENFIELD BSHRS ,1007,SNM,759
TRUXTON TC/TRUXTON CORP ,1008,SMB,759
FIRST SECURITY BK/SECURITY CAPITAL CORP ,1009,SNM,758
WEST AL B&TC/WEST AL CAP CORP ,1010,SNM,758
LIBERTY NAT BK/BOE BSHRS ,1011,NAT,758
OXFORD BK/OXFORD BK CORP ,1012,SMB,757
R BK/R CORP FNCL ,1013,SNM,756
PROGRESSIVE BK/PROGRESSIVE BC ,1014,SNM,755
AQUESTA BK/AQUESTA FNCL HOLDS ,1015,SNM,755
FIRST NB/MCGREGOR BSHRS ,1016,NAT,752
FARMERS BK FRANKFORT IN/FARMERS BC FRANKFORT IN ,1017,SNM,752
CITIZENS 1ST BK/ ,1018,SMB,752
VERMILLION ST BK/VERMILLION BSHRS ,1019,SNM,752
PEOPLES BK/PEOPLES FC ,1020,SNM,750
CALVIN B TAYLOR BKG CO BERLIN/CALVIN B TAYLOR BSHRS ,1021,SNM,749
UNITED B&TC/UBT BSHRS ,1022,SMB,749
DOGWOOD ST BK/ ,1023,SNM,746
UNITED S BK/UNISOUTH ,1024,SNM,745
SANIBEL CAPTIVA CMNTY BK/ ,1025,SNM,745
CIBM BK/CIB MARINE BSHRS ,1026,SNM,745
GBC INTL BK/GBC HOLD ,1027,SNM,744
MERCHANTS & MARINE BK/MERCHANTS & MARINE BC ,1028,SNM,743
ITASCA B&TC/ITASCA BC ,1029,SNM,743
ROUND TOP ST BK/ROUND TOP BSHRS ,1030,SNM,742
MARINE BK/MARINE BC ,1031,SNM,740
BANCO DO BRASIL AMERS/ ,1032,SNM,740
IOWA ST BK/VOGEL BSHRS ,1033,SMB,739
BANK OF BRIDGER NA/BRIDGER CO ,1034,NAT,737
HOME ST BK NA/HOME ST BC ,1035,NAT,737
SECURITY ST BK/BRISCOE RANCH ,1036,SNM,736
UNIFIED BK/UNITED BC ,1037,SNM,736
SECURITY B&TC OF GLENCOE/SECURITY BSHRS CO ,1038,SNM,736
CITIZENS BK/CITIZENS BSHRS CORP ,1039,SNM,735
DEPARTMENT STORES NB/CITIGROUP ,1040,NAT,734
DIAMOND BK/BAINUM BANCORP ,1041,SMB,734
PLAINS ST BK/PLAINS ACQ CORP ,1042,SNM,734
HEARTLAND BK/GENEVA ST CO ,1043,SNM,733
SYNERGY BK/SYNERGY BSHRS ,1044,SNM,733
PARKSIDE FNCL B&TC/PARKSIDE FNCL ,1045,SNM,732
BANK OF FAYETTE CTY/MOSCOW BSHRS ,1046,SMB,732
CITIZENS ST BK OF NEW CASTLE/TOWN FC ,1047,SNM,730
JACKSON COUNTY BK/BANCORP OF SOUTHERN IN ,1048,SNM,730
FIRST BK OF AL/FIRSTBANC OF AL ,1049,SNM,729
PIONEER BK/CITIZENS BK GROUP ,1050,SMB,728
ATLANTIC CMNTY BKR BK/ATLANTIC CMNTY BSHRS ,1051,SMB,727
MECHANICS BK/MECHANICS FNCL CORP ,1052,SNM,726
BANK OF SF/ ,1053,SNM,726
BALLSTON SPA NB/BALLSTON SPA BC ,1054,NAT,725
BANK OF COMMERCE/COMMERCE BC ,1055,SNM,725
FALCON NB/CENTRA VENTURES ,1056,NAT,721
PRIME MERIDIAN BK/PRIME MERIDIAN HC ,1057,SNM,721
BRANNEN BK/BRANNEN BK OF FL ,1058,SNM,720
SPIRITBANK/SPIRIT BC ,1059,SNM,720
CORE BK/DS HC ,1060,SNM,719
VILLAGE BK/VILLAGE BK & TR FC ,1061,SNM,716
POINTBANK/PILOT POINT BC ESOP ,1062,SMB,716
FIRST BK/FIRST BC ,1063,SNM,716
FIRST ST BK MIDDLEBURY/CRYSTAL VALLEY FC ,1064,SNM,714
MAINSTREET CMNTY BK OF FLORIDA/ ,1065,SNM,713
CITIZENS BK/ ,1066,SNM,713
ROCK CANYON BK/COMMUNITY BC ,1067,SNM,712
NORTHEAST BK/NORTHEAST SECURITIES CORP ,1068,SNM,712
FCN BK NA/FCN BANC CORP ,1069,NAT,711
BANK OF EASTERN OR/BEO BC ,1070,SNM,710
KILLBUCK SVGS BK CO/KILLBUCK BSHRS ,1071,SMB,710
MIDDLETOWN VALLEY BK/COMMUNITY HERITAGE FNCL ,1072,SNM,709
STURGIS B&TC/STURGIS BC ,1073,SNM,709
PEOPLES BK/PEOPLES BC ,1074,SMB,708
BLUE RIDGE B&TC/BLUE RIDGE BSHRS ,1075,SNM,707
FIRST NB NORTH/WALKER BAN CO ,1076,NAT,706
SOUTHCREST BK NA/SOUTHCREST FNCL GRP ,1077,NAT,705
BTC BK/BETHANY BSHRS ,1078,SNM,704
RIO BK/RIO FNCL SVC ,1079,SNM,704
PIONEER TR BK NA/PTB CORP ,1080,NAT,703
FARMERS & MRCH SVG BK/DUNN INV CO ,1081,SMB,703
JEFFERSON B&TC/DELTA BSHRS CO ,1082,SNM,702
FIRST S ST BK/FIRST BSHRS OF STEVENSON ,1083,SNM,698
KLEBERG BK NA/KLEBERG & CO BKR ,1084,NAT,697
FARMERS & MRCH BK/FARMERS & MRCHS BSHRS ,1085,SNM,697
RESOURCE BK NA/RESOURCE BSHRS ,1086,NAT,695
INBANK/INBANKSHARES CORP ,1087,SNM,695
LEGACY NB/LEGACY BSHRS ,1088,NAT,695
LEDYARD NB/LEDYARD FNCL GRP ,1089,NAT,694
SIMPLYBANK/ ,1090,SNM,693
GRAND SVG BK/GRAND BC ,1091,SNM,693
SAVOY BK/ ,1092,SNM,692
EDMONTON ST BK/EDMONTON BSHRS ,1093,SNM,690
BANK OF THE WEST/GREATER SW BSHRS ,1094,SNM,689
ALBANY B&TC NA/ALBANK CORP ,1095,NAT,688
PROSPECT BK/EDGAR CTY BANC SHARES ,1096,SNM,686
DART BK/DART FC ,1097,SNM,683
PINNACLE BK/ ,1098,SNM,683
TEXAS GULF BK NA/TEXAS GULF BSHRS ,1099,NAT,683
TOWN & COUNTRY BK/TOWN & COUNTRY BSHRS ,1100,SMB,682
MINSTER BK/MINSTER FNCL CORP ,1101,SMB,680
CUMBERLAND VALLEY NB&TC/CUMBERLAND VALLEY FNCL CO ,1102,NAT,678
OLD MO BK/JAMESMARK BSHRS ,1103,SMB,676
FIRST CENT ST BK/OHNWARD BSHRS ,1104,SNM,676
YORK TRADITIONS BK/ ,1105,SNM,676
SAINT LOUIS BK/ST LOUIS BSHRS ,1106,SNM,674
BANK OF PONTIAC/PONTIAC BC ,1107,SMB,674
PACIFIC ENT BK/PACIFIC ENT BC ,1108,SMB,674
HNB NB/ ,1109,NAT,672
AMERICAN BK NORTH/PARK FNCL GRP ,1110,SNM,672
EVOLVE B&TC/EVOLVE BC ,1111,SMB,671
ARTHUR ST BK/FOJ MGMT CO LLC ,1112,SNM,670
ARTHUR ST BK/JCO VENTURES LLC ,1112,SNM,NA
ARTHUR ST BK/ ,1112,SNM,NA
ARTHUR ST BK/HAO MGMT CO LLC ,1112,SNM,NA
TEXAS NB/TEXAS NAT BC ,1113,NAT,669
BERKSHIRE BK/BERKSHIRE BC ,1114,SNM,667
FRANKLIN B&TC/FRANKLIN BANCORP ,1115,SNM,663
LEAD BK/LEAD FNCL GRP ,1116,SNM,663
JEFF BK/JEFFERSONVILLE BC ,1117,SNM,662
BANK OF CHARLES TOWN/POTOMAC BSHRS ,1118,SNM,661
ROYAL BK/ROYAL BSHRS ,1119,SNM,660
GENERATIONS BK/HARRELL BSHRS ,1120,SNM,659
1ST COLONIAL CMNTY BK/1ST COLONIAL BC ,1121,SNM,659
UNIVERSITY BK/UNIVERSITY BC ,1122,SNM,659
FIRST B&TC/ ,1123,SNM,658
PEOPLES B&TC CO/LINCOLN CTY BC ,1124,SMB,658
FIRST HOPE BK A NAT BKG ASSN/FIRST HOPE BC ,1125,NAT,658
DAIRY ST BK/DAIRY ST BC ,1126,SNM,657
CENTENNIAL BK/F&M BSHRS ,1127,SNM,657
OAKWOOD BK/OAKWOOD BSHRS ,1128,SNM,657
PILOT BK/PILOT BSHRS ,1129,SMB,656
WHEATLAND BK/COMMUNITY FNCL GRP ,1130,SNM,655
DENMARK ST BK/DENMARK BSHRS ,1131,SNM,654
TEXAS BK/ ,1132,SNM,654
PUTNAM CTY BK/PUTNAM BSHRS ,1133,SMB,654
COASTAL CAROLINA NB/COASTAL CAROLINA BSHRS ,1134,NAT,653
ONEUNITED BK/ ,1135,SNM,653
AXIOM BK NA/AXIOM BSHRS ,1136,NAT,653
PEOPLES BK CO/PEOPLES HC ,1137,SNM,653
AMERICAN ST B&TC OF WILLISTON/AMERICAN ST BHC ,1138,SNM,653
PALMETTO ST BK/PALMETTO ST BSHRS ,1139,SNM,652
STEPHENSON NB&TC/STEPHENSON NAT BC ,1140,NAT,652
SULLIVAN BK/MID-MISSOURI HC ,1141,SNM,652
WILSON & MUIR B&TC/WILSON & MUIR BANCORP ,1142,SNM,652
FIRST NB OK/FIRST BC OF OK ,1143,NAT,652
BNA BK/BNA BSHRS ,1144,SNM,651
FIRST ST BK/LOUISE BSHRS ,1145,SNM,650
FIRST NB OF SCOTIA/GLENVILLE BHC ,1146,NAT,650
FAYETTEVILLE BK/INDUSTRY BSHRS ,1147,SNM,648
HIGHLAND BK/HIGHLAND BSHRS ,1148,SNM,648
COUNTYBANK/TCB CORP ,1149,SNM,645
TEXAS BK/HENDERSON TX BSHRS ,1150,SNM,645
FIRST BK/FIRST WAVERLY CORP ,1151,SMB,645
SOUTH LA BK/SOUTH LA FC ,1152,SNM,644
MID AMER BK/FRIENDSHIP BSHRS ,1153,SNM,643
BANK OF BOTETOURT/ ,1154,SNM,641
LINDELL B&TC/FIRST IL BANCORP ,1155,SMB,641
GA BKG CO/GEORGIA BKG CO ,1156,SNM,641
BANK OF SOUTHSIDE VA/BANK OF SOUTHSIDE VA CORP ,1157,SNM,640
FAIRFIELD NB/FAIRFIELD BSHRS ,1158,NAT,640
DBA OR PACIFIC BK/OREGON PACIFIC BC ,1159,SMB,639
LEGACY BK & TR CO/CENTURY BSHRS ,1160,SMB,638
QUANTUM NB/QUANTUM CAP CORP ,1161,NAT,638
FIRST BK/FIRST SW CORP ,1162,SNM,637
FNBC B&TC/FNBC LA GRANGE ,1163,SNM,637
CITIZENS DEPOSIT B&TC/PREMIER FNCL BC ,1164,SNM,636
MIDWEST BK/MIDWEST BK GROUP ,1165,SNM,636
INSBANK/INSCORP ,1166,SMB,635
COMMUNITY BK/MANSFIELD BSHRS ,1167,SNM,634
CHIPPEWA VALLEY BK/CHIPPEWA VALLEY AGY LTD ,1168,SNM,634
HEARTLAND NB/HEARTLAND BSHRS ,1169,NAT,634
CAROLINA B&TC/FIRST CAROLINA BSHRS CORP ,1170,SNM,634
PENNIAN BK/FIRST CMNTY FNCL CORP ,1171,SNM,633
FIRST NB IN HOWELL/FNBH BC ,1172,NAT,633
CONNECTICUT CMNTY BK NA/ASSOCIATED CMNTY BC ,1173,NAT,632
STATE BK/LIZTON FC ,1174,SNM,631
FIRST NB OF GILLETTE/FIRST NAT BK OF GILLETTE HC ,1175,NAT,631
NORTHUMBERLAND NB/NORTHUMBERLAND BC ,1176,NAT,631
COMMUNITY FIRST BK/COMMUNITY FIRST BC ,1177,SNM,631
NATIONAL CAPITAL BK OF WA/ ,1178,NAT,630
21ST CENTURY BK/DOLPHIN FAMILY MGMT CO ,1179,SNM,628
ABBYBANK/ABBY BC ,1180,SNM,628
LEGENDS BK/LEGENDS FNCL HOLD ,1181,SNM,628
CITIZENS BK/CITBA FC ,1182,SNM,628
MALVERN NB/MNB BSHRS ,1183,NAT,627
LEGENCE BK/FIRST ELDORADO BSHRS ,1184,SNM,627
CNB ST LOUIS BK/CARDINAL BC ,1185,SNM,627
FIRST CMNTY BK/FIRST SAN BENITO BSHRS CORP ,1186,SNM,627
SECURITY FNCL BK/SECURITY FS CORP ,1187,SMB,626
BANK OF ID/BANK OF ID HC ,1188,SNM,625
BOM BK/GRANT BSHRS ,1189,SNM,625
UNITED CMNTY BK/COMMUNITY BC OF LA ,1190,SNM,624
BANK OF BIRD-IN-HAND/ ,1191,SNM,623
FIRST UT BK/FIRST UT BC ,1192,SNM,622
MIDSTATES BK NA/MIDSTATES BSHRS ,1193,NAT,621
ROCKY MNT BK/HEARTLAND FNCL USA ,1194,SNM,621
FIRST CMRL BK/FIRST CMRL BSHRS ,1195,SNM,620
PRIMARY BK/ ,1196,SNM,620
BANK OF ELK RIVER/METRO NORTH BSHRS ,1197,SNM,619
PROVIDENCE BK/PB FC ,1198,SNM,618
MIDWEST BK/WESTERN IL BSHRS ,1199,SMB,618
CONCORDIA B&TC/CONCORDIA CAP CORP ,1200,SNM,617
SECURITY ST BK/SECURITY ST CORP ,1201,SNM,617
BANK OF ENGLAND/MHBC INV I LLLP ,1202,SNM,616
RELIABANK DAKOTA/BIG SIOUX FNCL ,1203,SNM,616
GNB BK/GNB BC ,1204,SMB,616
HOMETOWN BK/HOMETOWN BC ,1205,SNM,615
WAYNE SVG CMNTY BK/WAYNE SAV BSHR INC ,1206,SNM,614
FIRST NB OF ALBANY BRECKENRIDG/ALBANY BSHRS ,1207,NAT,614
FIRST CITRUS BK/FIRST CITRUS BC ,1208,SNM,613
BEACH BK/BEACH BC ,1209,SNM,613
FIRST NB OF MIDDLE TN/FIRST MCMINNVILLE CORP ,1210,NAT,611
FIRST & FARMERS NB/ALBANY BANCORP ,1211,NAT,610
FARMERS & MRCH BK/FMB BSHRS ,1212,SNM,609
SOUTHPOINT BK/SOUTHPOINT BSHRS ,1213,SNM,609
FIRST NB OF CARMI/SOUTHERN IL BANCORP ,1214,NAT,609
F&M BK/F&M BSHRS ,1215,SNM,607
FIRST NB&TC OF ARDMORE/FIRST NAT CORP ,1216,NAT,606
FIRST ST BK/JSA FAM LP ,1217,SNM,606
FIRST ST BK/JANE AUSTIN CHAPMAN LP ,1217,SNM,NA
QUEENSTOWN BK OF MD/QUEENSTOWN BC OF MD ,1218,SNM,605
MARION CTY ST BK/PELLA FNCL GRP ,1219,SNM,605
TIMBERLINE BK/TIMBERLINE BC ,1220,SNM,605
BANK OF PRAIRIE DU SAC/PLOETZ INV LP ,1221,SNM,604
WESTERN CMRC BK/WESTERN CMRC BSHRS CARLSBAD ,1222,SNM,604
GREEN BELT B&TC/GREEN BELT BC ,1223,SNM,603
PILGRIM BK/PILGRIM BC ,1224,SNM,603
C3BANK NA/C3 BC ,1225,NAT,602
COMMERCE BK/INTERNATIONAL BSHRS CORP ,1226,SNM,602
CITIZENS TR BK/CITIZENS BSHRS CORP ,1227,SMB,601
FNBC BK/FNBC BC ,1228,SMB,601
1ST FNCL BK USA/ ,1229,SNM,600
FIRST SCTY B&TC/CEDAR VALLEY BSHRS ,1230,SNM,600
UNITY BK/KIMBERLY LEASING CORP ,1231,SNM,600
FARMERS BK/FARMERS BC ,1232,SNM,598
FIRST EAGLE BK/FIRST EAGLE BSHRS ,1233,SMB,597
TRIAD BK/TRIAD BC ,1234,SNM,596
FIRST FREEDOM BK/FIRST FREEDOM BSHRS ,1235,SNM,595
LEGACY BK OF FL/ ,1236,SNM,595
TERRABANK NA/ ,1237,NAT,594
FIELD & MAIN BK/FIELD & MAIN BC ,1238,SMB,594
PEOPLES CMNTY BK/GREENVILLE BSHRS ,1239,SNM,594
WEST SHORE BK/WEST SHORE BK CORP ,1240,SNM,592
TEXAS BK FNCL/TEXAS BANC FC ,1241,SNM,590
CITIZENS NB OF SOMERSET/CITIZENS BSHRS ,1242,NAT,589
AMERICAN BK/GUARANTY DEVELOPMENT CO ,1243,SNM,588
FIRSTIER BK/FIRSTIER II BC ,1244,SNM,588
HERITAGE BK/HERITAGE GROUP ,1245,SNM,587
VISIONBANK OF IA/VISIONBANKSHARES ,1246,SMB,586
FNB BK/JACKSON FINANCIAL CORP ,1247,SNM,586
FNBT BK/SOUTHERN NB ,1248,SNM,586
AMERICAN PLUS BK NA/ ,1249,NAT,586
PUEBLO B&TC/PUEBLO BC ,1250,SNM,584
STILLMAN BANCCORP NA/STILLMAN BANCCORP ,1251,NAT,584
LEGACY BK/COLWICH FC ,1252,SNM,584
DECORAH B&TC/SECURITY AGY ,1253,SNM,583
COMMUNITY FIRST BK/COMMUNITY FIRST BC ,1254,SNM,583
VIRGINIA PTNR BK/PARTNERS BC ,1255,SMB,583
CITIZENS BK MN/CITIZENS BC OF NEW ULM ,1256,SNM,580
FIRST FED CMNTY BK NA/FFD FC ,1257,NAT,579
FIRST NB OF LA/FINANCIAL CORP OF LA ,1258,NAT,579
SAUK VALLEY B&TC/S V FNCL ,1259,SNM,579
HARDIN CTY BK/HARDIN CTY BSHRS ,1260,SMB,579
COMMENCEMENT BK/COMMENCEMENT BC ,1261,SMB,579
WINTER PARK NB/ ,1262,NAT,578
CCB CMNTY BK/SOUTHERN NAT CORP ,1263,SNM,578
FARMERS ST BK/FARMERS ST FC ,1264,SMB,578
VALLIANCE BK/VALLIANCE FC ,1265,SNM,577
NORTHEAST GA BK/FIRST SCTY BSHRS ,1266,SNM,577
AMG NAT TR BK/AMG NAT CORP ,1267,NAT,576
BANCCENTRAL NA/MYERS BSHRS ,1268,NAT,576
INDUSTRIAL BK/IBW FC ,1269,SNM,576
FARMERS BK WINDSOR VA/FARMERS BSHRS ,1270,SMB,575
FIRST BK OF OWASSO/ ,1271,SNM,575
SOUTHWEST BK/ODESSA SOUTHWEST BSHRS ,1272,SNM,575
UNION ST BK/DOCKING BSHRS ,1273,SMB,574
BANK OF BRENHAM NA/INDUSTRY BSHRS ,1274,NAT,573
CENTRAL BK OF SEDALIA/CENTRAL BANCOMPANY INC ,1275,SMB,573
BANK OF OAK RIDGE/OAK RIDGE FS ,1276,SMB,573
CITY ST BK/ALBRECHT FS ,1277,SNM,572
FIRST BK KS/OTTAWA BSHRS ,1278,SNM,572
PROVIDENT ST BK/PSB HOLDING CORP ,1279,SNM,572
CATSKILL HUDSON BK/CATSKILL HUDSON BC ,1280,SNM,572
REGAL BK/REGAL BC ,1281,SNM,571
BANKORION/ORION BC ,1282,SNM,570
FNB CMNTY BK/FIRST MIDWEST ACQUISITION CORP ,1283,SMB,570
TIOGA ST BK NA/TSB SVC ,1284,NAT,570
PREMIER BK/PREMIER HOLDS ,1285,SNM,570
LUZERNE BK/PENNS WOODS BC ,1286,SNM,570
WOODTRUST BK/WOODTRUST FC ,1287,SMB,569
COMMERCIAL BK/COMMERCIAL NAT FC ,1288,SNM,569
FIRSTBANK/FIRST ANTLERS BC ,1289,SMB,569
DMB CMNTY BK/DMB CORP ,1290,SNM,569
GREENVILLE NB/GREENVILLE NAT BC ,1291,NAT,569
TOUCHSTONE BK/TOUCHSTONE BSHRS ,1292,SMB,569
WESTERN ST BK/WHITCORP FC ,1293,SNM,569
FIRST BK/FIRST BURKBURNETT BSHRS ,1294,SNM,568
NEW OMNI BK NA/CKH CAP ,1295,NAT,568
SCHERTZ B&TC/SCHERTZ BSHRS CORP ,1296,SNM,568
FORTRESS BK/FIRST ST BC ,1297,SNM,568
FREEDOM BK/FREEDOM BC ,1298,SNM,567
FIRST ST BK/VAN DIEST INV CO ,1299,SNM,567
SOUTH OTTUMWA SVG BK/CORNERSTONE FS GRP ,1300,SNM,567
AMERICAN NATION BK/AMCORP FNCL ,1301,SMB,566
COMMUNITY ST BK/COMMUNITY ST BK ESOP & TR ,1302,SNM,566
SOUTHEASTERN BK/SOUTHEASTERN BKG CORP ,1303,SNM,565
NORTHWESTERN BK/NW BSHRS ,1304,SMB,565
AMERICAN BK&TR CO/FIRST BRECKINRIDGE BSHRS ,1305,SNM,564
COMMUNITY BK/COMMUNITYBANC ,1306,SNM,563
CROWN BK/ ,1307,SNM,562
1ST BK YUMA/WESTERN AZ BC ,1308,SNM,562
MUNCY B&TC/MUNCY BK FNCL ,1309,SNM,561
ANDOVER BK/ANDOVER BC ,1310,SMB,561
FIRST BK UPPER MICHIGAN/FIRST BSHRS CORP ,1311,SNM,560
FIRST CMNTY BK/COASTAL BEND BSHRS ,1312,SNM,557
SOUTH GA BKG CO/SOUTH GA BHC ,1313,SNM,557
MARIES CTY BK/MARIES CTY BC ,1314,SNM,556
MACON B&TC/MACON BANCTRUST ,1315,SNM,555
COMMUNITY NB/COMMUNITY BSHRS ,1316,NAT,554
BANK OF SC/BANK OF SC CORP ,1317,SNM,554
FIRST NB/FIRST NAT BSHRS ,1318,NAT,553
FIRST BK/PIONEER BC ,1319,SNM,553
SOLERA NB/SOLERA NAT BC ,1320,NAT,551
UNITED VALLEY BK/FIRST HC OF CAVALIER ,1321,SNM,550
PEOPLES ST BK/ ,1322,SNM,550
PLATTE VALLEY BK/PLATTE VALLEY FS CO ,1323,SMB,548
CLEAR LAKE B&TC/ARNESON BSHRS ,1324,SMB,548
FRONTIER ST BK/ ,1325,SNM,548
COMMUNITY B&TC WACO TX/COMMUNITY CO ,1326,SNM,547
REDWOOD CAP BK/REDWOOD CAP BC ,1327,SNM,547
NEW TRIPOLI BK/NEW TRIPOLI BC ,1328,SMB,547
BANKERS BK OF THE WEST/BANKERS BK OF THE WEST BC ,1329,SMB,547
TEXAS CITIZENS BK NA/TEXAS CITIZENS BC ,1330,NAT,547
FIRST ST BK OF BLAKELY/FIRST ST BSHRS OF BLAKELY ,1331,SNM,547
FIRST NB&TC/FIRST OF MCALESTER CORP ,1332,NAT,547
ACCESSBANK TX/ACCESS BC ,1333,SNM,546
CAPITAL BK/JSA FAM LP ,1334,SNM,546
CAPITAL BK/JANE AUSTIN CHAPMAN LP ,1334,SNM,NA
PROMISEONE BK/PROMISEONE BC ,1335,SNM,545
PRIMEBANK/PRIMEBANK ,1336,SMB,544
AMERICAN BK NA/AMERICAN NAT BSHRS ,1337,NAT,544
CUSB BK/HOW-WIN DEV CO ,1338,SMB,543
SOUTHWEST NB/REPUBLIC FC ,1339,NAT,542
FOUNTAIN TC/PIPER HOLD ,1340,SNM,542
FIRST NEIGH BK NA/FIRST NEIGH BSHRS ESOP ,1341,NAT,542
GRAND VALLEY BK/SAGEBRUSH PTNR LLLP ,1342,SNM,542
GRAND VALLEY BK/PORTER MNT III LLLP ,1342,SNM,NA
PENDLETON CMNTY BK/ALLEGHENY BSHRS ,1343,SNM,540
AMERICAN ST BK/STEELE BSHRS ,1344,SMB,540
FREEDOM BK OF SOUTHERN MO/FREEDOM BSHRS OF SOUTHERN MO ,1345,SNM,539
HERRING BK/HERRING BC ,1346,SNM,539
FREEDOM BK/FREEDOM BC ,1347,SNM,539
MAUCH CHUNK TC/MAUCH CHUNK TR FC ,1348,SNM,538
PEOPLES NB OF KEWANEE/PEOPLES FNCL CORP OF IL ,1349,NAT,538
HORIZON CMTY BK/HORIZON BC ,1350,SNM,538
BANK OF OLD MONROE/CUIVRE RIVER BSHRS ,1351,SNM,537
CORNERSTONE CMNTY BK/CORNERSTONE CMNTY BC ,1352,SMB,537
SAGE CAP BK/ANB BSHRS ,1353,SNM,537
WOODLANDS BK/WOODLANDS FS CO ,1354,SMB,537
MIDSOUTH BK/MIDSOUTH BC ,1355,SNM,536
STONE BK/STONE BSHRS ,1356,SNM,536
FIRST OPTION BK/OSAWATOMIE AGY ,1357,SMB,536
IXONIA BK/IXONIA BSHRS ,1358,SNM,536
EASTERN COLORADO BK/WEED INV GROUP ,1359,SNM,536
FIRST ST B&TC/MURPHY-PAYNE INV ,1360,SNM,536
FIRST LIBERTY BK/FIRST LIBERTY HOLD LLC ,1361,SNM,535
MOUNTAIN PACIFIC BK/MOUNTAIN PACIFIC BC ,1362,SNM,534
MAIN ST BK CORP/MAIN ST FS CORP ,1363,SNM,533
PEOPLES B&T/PEOPLE FIRST BSHRS ,1364,SNM,533
TITAN BK NA/BMC BSHRS ,1365,NAT,532
WESTERN STS BK/WESTERN STS BC ,1366,SNM,532
T BK NA/TECTONIC FNCL ,1367,NAT,532
COUNTY BK/CB FNCL CORP ,1368,SNM,532
HIAWATHA NB/LAKE SHORE III CORP ,1369,NAT,531
FIRST NB/FIRST SONORA BSHRS ,1370,NAT,530
FLORIDA CAP BK NA/FLORIDA CAP GRP ,1371,NAT,530
EXCHANGE B&TC/EXCHANGE BSHRS CORP OF KS ,1372,SNM,529
CHARLOTTE ST B&TC/CREWS BKG CORP ,1373,SNM,529
METAIRIE B&TC/MBT BSHRS ,1374,SNM,528
WEST PLAINS B&TC/WEST PLAINS BSHRS ,1375,SNM,528
CITIZENS NB/CENTRAL TX FNCL CORP ,1376,NAT,528
FIRST KENTUCKY BK INC/EXCHANGE BSHRS ,1377,SNM,528
FIRST NB OF EAST ARKANSAS/BANCSHARES OF EASTERN AR ,1378,NAT,528
CAPITOL BK/CAPITOL BSHRS ,1379,SNM,528
EMPIRE ST BK/ES BANCSHARES ,1380,SMB,528
TRUPOINT BK/MINERS & MRCH BC ,1381,SMB,527
COMMUNITY BK/COMMUNITY BSHRS ,1382,SNM,526
PROFINIUM/PROFINIUM FNCL HOLD ,1383,SMB,526
CITIZENS B&TC/CITIZENS BC OF VA ,1384,SMB,526
FIRST BK OF GREENWICH/FIRST GREENWICH FNCL ,1385,SNM,526
COMMUNITY FIRST BK/COMMUNITY FIRST BSHRS ,1386,SNM,525
WASHINGTON CTY BK/BLAIR HOLDS ,1387,SNM,523
MIFFLINBURG B&TC/MIFFLINBURG BC ,1388,SNM,523
MAGNOLIA BK/MAGNOLIA BSHRS ,1389,SNM,523
NORTH SALEM ST BK/NORTH SALEM ST BC ,1390,SNM,522
SUNSTATE BK/ ,1391,SNM,522
BANK GEORGE/GBANK FNCL HOLDS ,1392,SNM,521
GULF COAST BK/GULF COAST BSHRS ,1393,SNM,521
BANK OF OCEAN CITY/ ,1394,SNM,520
INTRACOASTAL BK/INTRACOASTAL BC ,1395,SNM,520
PREMIERBANK/FIRST AMER BSHRS ,1396,SNM,518
COMMUNITY FIRST BK/BOSCOBEL BC ,1397,SMB,517
ARBOR BK/OAKLAND FS ,1398,SNM,517
LIBERTY NB/LIBERTY FS ,1399,NAT,517
FIRST NORTHERN BK OF WY/FIRST NAT BUFFALO BSHRS ,1400,SMB,516
OCONEE ST BK/OCONEE FC ,1401,SNM,516
NATIONAL BK OF MIDDLEBURY/MIDDLEBURY NAT CORP ,1402,NAT,516
SOUTHTRUST BK NA/LIVE OAK BSHRS CORP ,1403,NAT,515
PEOPLES BK/PEOPLES CORP ,1404,SNM,515
WNB FNCL NA/WNB HC ,1405,NAT,514
DEMOTTE ST BK/DEMOTTE BC ,1406,SMB,513
SUSQUEHANNA CMNTY BK/SUSQUEHANNA CMNTY FNCL ,1407,SNM,513
FSNB NA/JRMB II ,1408,NAT,513
FORTIFI BK/FIRST BERLIN BC ,1409,SNM,513
TRADITIONS BK/TRADITIONS BSHRS ,1410,SNM,512
MERCER CTY ST BK/MERCER CTY ST BC ,1411,SNM,512
ENDEAVOR BK/ ,1412,SNM,512
AMERICAN BK OF MO/EVERGREEN BSHRS ,1413,SNM,510
PRIME ALLI BK/ ,1414,SNM,510
FIRST ST BK/FIRST ST BSHRS ,1415,SNM,510
HOMETOWN BK OF AL/HOMETOWN BC OF AL ,1416,SNM,509
HARFORD BK/ ,1417,SNM,508
BANK OF SUN PRAIRIE/BOSP BSHRS ,1418,SNM,508
FRONTIER BK OF TX/FRONTIER CMNTY BSHRS ,1419,SNM,507
RIVER VALLEY CMNTY BK/RIVER VALLEY CMNTY BC ,1420,SNM,507
FIRST WESTERN BK/FIRST WESTERN BSHRS ESOT ,1421,SMB,507
FIRST CMNTY BK OF CENT AL/CENTRAL AL BSHRS ,1422,SNM,506
BANK OF MARION/SOUTHWEST VA BSHRS ,1423,SMB,506
M1 BK/M1 BSHRS ,1424,SNM,506
WELLINGTON ST BK/WSB BSHRS ,1425,SMB,506
CNB BK INC/CNB FS ,1426,SNM,505
PEOPLES BK/PEOPLES BSHRS ,1427,SMB,505
GENOA BKG CO/GENBANC ,1428,SMB,504
FIRST NB OF LAS ANIMAS/FIRST BSHRS ,1429,NAT,502
FIRST CMRC BK/FIRST CMRC BC ,1430,SNM,502
COMMUNITY SVGS BK/COMMUNITY FC ,1431,SNM,501
CITIZENS ST BK/GOERING MGMT CO LLC ,1432,SNM,501
FIDELITY BK/CARLSON BSHRS ,1433,SMB,500
CLASSIC BK NA/CAMERON FC ,1434,NAT,500
MIDAMERICA NB/MIDAMERICA NAT BSHRS ,1435,NAT,500
LAKE ELMO BK/LAKE ELMO BSHRS ,1436,SNM,499
JONAH BK/JONAH BSHRS ,1437,SMB,499
SPRINGS VALLEY B&TC/SVB&T CORP ,1438,SNM,499
BARABOO ST BK/BARABOO BC ,1439,SMB,498
AMERICAN HERITAGE NB/AMERICAN HERITAGE HC ,1440,NAT,498
BANK OF HILLSBORO NA/COUNTRY BANCORP ,1441,NAT,498
FIRST CENTURY BK/CLAIBORNE HC ,1442,SNM,497
FIRST CHATHAM BK/FCB FNCL CORP ,1443,SNM,497
MRV BKS/MRV FNCL CORP ,1444,SNM,496
CNB BK/CARLSBAD BC ,1445,SNM,496
PARAGON BK/PARAGON FNCL SOLUTIONS ,1446,SNM,496
MILLENNIUM BK/PBD HOLDS LLC ,1447,SNM,495
RANGE BK NA/RANGE FC ,1448,NAT,495
EASTERN MI BK/EASTERN MI FC ,1449,SMB,494
FARMERS T&SB/EASTER ENT ,1450,SNM,494
BANK OF LUXEMBURG/LUXEMBURG BSHRS ,1451,SNM,493
FRIENDSHIP ST BK/FRIENDSHIP BC ,1452,SMB,493
CITIZENS B&TC/FIRST BK CORP ,1453,SMB,492
LABETTE BK/LABETTE CTY BSHRS ,1454,SNM,492
FIRST MW BK OF POPLAR BLUFF/MIDWEST BC INC & AFFIL ESOP TR ,1455,SNM,492
CITIZENS BK OF KS/KING BSHRS ,1456,SMB,491
HOMETOWN BK/REDWOOD FNCL ,1457,SNM,490
COULEE BK/COULEE BSHRS ,1458,SNM,489
FIRST BK/FBD HC ,1459,SNM,489
CAPITAL CMNTY BK/CAPITAL CMNTY BC ,1460,SNM,489
FALLS CITY NB/ ,1461,NAT,488
GOLDEN ST BK/GOLDEN ST BC ,1462,SNM,487
SECURITY SVG BK/LARCH BC ,1463,SNM,487
FIRST ST B&TC/JORGENSON WILLISTON HC ,1464,SNM,486
GUARDIAN BK/WB&T BSHRS ,1465,SNM,485
APPLE RIVER ST BK/FIRST APPLE RIVER CORP ,1466,SNM,485
EDISON NB/EDISON BSHRS ,1467,NAT,484
CITIZENS BK/CITIZENS CORP ,1468,SNM,483
CENTRAL BK OF BRANSON/CENTRAL BANCOMPANY INC ,1469,SMB,483
CROSSROADS BK/FFW CORP ,1470,SNM,483
RAYNE ST B&TC/FINANCIAL CORP OF LA ,1471,SNM,482
PEOPLES EXCH BK/GENBEACH CO ,1472,SNM,481
COMMUNITY FIRST BK IN/COMMUNITY FIRST FC ,1473,SNM,481
BANK NA/NBM CORP ,1474,NAT,481
CALLAWAY BK/CALLAWAY SCTY BKS ,1475,SMB,481
FIRST FSB/FIRST BC OF INDIANA ,1476,SNM,481
CITIZENS BK OF FL/CITIZENS BC OF OVIEDO ,1477,SNM,480
HERITAGE BK NA/HERITAGE BSHRS GRP ,1478,NAT,480
FIRST ST BK/NORTON BSHRS ,1479,SNM,480
ANDREW JOHNSON BK/ANDREW JOHNSON BSHRS ,1480,SNM,479
REGIONAL MO BK/RMB BSHRS ,1481,SNM,479
FIRST SECURE CMNTY BK/FIRST SECURE BK GRP ,1482,SNM,478
FREEDOMBANK/FREEDOMBANK SHARES INC ESOP ,1483,SNM,477
FARMERS BK OF NORTHERN MO/NORTHERN MO BSHRS ,1484,SMB,477
INTERNATIONAL BK OF CMRC/INTERNATIONAL BSHRS CORP ,1485,SNM,477
COMMUNITY BK PICKENS CTY/COMMUNITY BK OF GA ,1486,SNM,476
FIRST NB/ ,1487,NAT,475
LEA CTY ST BK/LEA CTY BSHRS ,1488,SMB,475
AMERICAN NB/ANB HOLD ,1489,NAT,475
MADISON CTY BK/MADISON CTY FNCL ,1490,SMB,473
BANKNORTH/FIRST FC ,1491,SNM,473
FIRST NB/FNB CO ,1492,NAT,473
LEGENDS BK/LINN HC ,1493,SNM,473
JONESBORO ST BK/JONESBORO BSHRS ,1494,SNM,473
FIRST CMRL BK NA/FIRST CMRL FNCL CORP ,1495,NAT,472
CITY NB OF METROPOLIS/CITY NAT BANKCORP ,1496,NAT,472
NEWBANK/ ,1497,SNM,472
MARINE B&TC/MARINE BC OF FL ,1498,SNM,472
MARS BK/MARS BC ,1499,SNM,471
PHELPS CTY BK/PHELPS CTY BK ESOP ,1500,SNM,471
CITY FIRST BK OF DC NA/CITY FIRST ENT ,1501,NAT,471
FIRST ST BK OF ST CHARLES MO/FIRST ST BSHRS ,1502,SNM,471
STATE BK FNCL/FIRST BC ,1503,SMB,470
BANKVISTA/ABDO INV ,1504,SNM,470
FNB SOUTH/FIRST BSHRS OF THE SE ,1505,SNM,470
SURREY B&T/SURREY BC ,1506,SNM,470
BLUE SKY BK/NBC BSHRS ,1507,SMB,469
GIBSLAND B&TC/GIBSLAND BSHRS ,1508,SNM,469
TEXAS NB/MNB VENT ,1509,NAT,469
FARMERS B&TC/FARMERS BANCORP MARION KY ,1510,SNM,469
PORTAGE CMNTY BK/PORTAGE BSHRS ,1511,SMB,468
UNION NB/ELGIN BSHRS ,1512,NAT,468
ALDEN ST BK/ ,1513,SMB,467
STATE NB/SNB FNCL ,1514,NAT,467
GRAND BK/GRAND CAP CORP ,1515,SNM,467
EAGLE B&TC/STATE HOLDING CO ,1516,SMB,467
PLATINUM BK/PLATINUM BC ,1517,SNM,467
PACIFIC VALLEY BK/ ,1518,SNM,467
FIVE POINTS BK/HOMETOWN BC ,1519,SMB,466
MERCHANTS & FARMERS B&TC/MERCHANTS & FARMERS BSHRS ,1520,SNM,466
FIRST FIDELITY BK/FIDELITY CORP ,1521,SNM,466
ENGLEWOOD B&TC/CREWS BKG CORP ,1522,SNM,465
UNITED BK OF UNION/CARDINAL BC II ,1523,SNM,463
BANK OF KIRKSVILLE/ROCKHOLD BANCORP ,1524,SNM,463
NEW MILLENNIUM BK/NMB FC ,1525,SNM,462
FARMERS BK OF WILLARDS/ ,1526,SNM,462
ALL AMER BK/ ,1527,SNM,462
ONE AMER BK/ONE AMER FC ,1528,SNM,462
STERLING ST BK/STERLING FNCL GROUP ,1529,SNM,461
CITIZENS ST BK/HERKY HAWK FNCL CORP ,1530,SNM,461
IOWA ST BK/IOWA ST BHC ,1531,SNM,461
FIRST ST B&TC/FIRST STATE BANC INC CRB PLAN ,1532,SMB,460
GRAND RIVER BK/GRAND RIVER CMRC ,1533,SMB,460
POCA VALLEY BK/POCA VALLEY BSHRS ,1534,SNM,460
FLAGLER BK/FLAGLER BSHRS CORP ,1535,SMB,459
PATRIOT BK/SECURITY BC TN ,1536,SMB,459
PEACH ST B&TC/PEACH ST BSHRS ,1537,SNM,459
BRUNING BK/BRUNING BSHRS ,1538,SNM,459
COTTONPORT BK/MANSURA BSHRS ,1539,SNM,458
1ST ST BK/1ST ST FNCL ,1540,SNM,458
YAMPA VALLEY BK/ROUTT CTY BC ,1541,SNM,457
TRI-COUNTY BK/TRI-COUNTY BC ,1542,SMB,457
FARMERS & STOCKMENS BK/CENTRAL BC ,1543,SNM,457
LEGACY BK/ ,1544,SNM,457
FNB OXFORD BK/FIRST NATIONAL HC ,1545,SMB,457
BANK OF BARTLETT/WEST TENNESSEE BSHRS ,1546,SMB,456
CITY NB&TC/JRMB II ,1547,NAT,456
FOUR CORNERS CMNTY BK/ ,1548,SNM,456
CROSS KEYS BK/BSJ BSHRS ,1549,SNM,456
HOMEBANK/BYRON B WEBB ,1550,SNM,455
PS BK/PEOPLES LTD ,1551,SNM,454
AMERICAN B&TC NA/AMBANK HOLDS ,1552,NAT,454
CS BK/EUREKA BSHRS ,1553,SNM,454
AVB BK/ARKANSAS VALLEY BSHRS ,1554,SNM,453
NATIONAL BK OF COXSACKIE/NBC BC ,1555,NAT,453
HAMLIN B&TC/ ,1556,SNM,453
SEVIER CTY BK/SEVIER CTY BSHRS ,1557,SNM,452
GERMANTOWN T&SB/GERMANTOWN BANC CORP ,1558,SNM,452
BRADFORD NB/BRADFORD BANCORP ,1559,NAT,452
CLINTON NB/WJ YOUNG & CO ,1560,NAT,451
CITIZENS CMNTY BK/CITIZENS BANCORP ,1561,SNM,450
CITIZENS BK/EAST TX FC ,1562,SNM,449
FIRST MW BK OF DEXTER/MIDWEST BC INC & AFFIL ESOP TR ,1563,SNM,449
SAVIBANK/SAVI FC ,1564,SNM,449
FIRST SVC BK/FIRST SERVICE BSHRS ,1565,SNM,447
PEOPLES SVG BK/CENTRAL SOUTH BC ,1566,SNM,447
CENTURY BK/BANCORP OF LUCEDALE ,1567,SNM,447
KINGSTON NB/KINGSTON BSHRS ,1568,NAT,447
FNB CMNTY BK/FIRST VANDALIA CORP ,1569,SMB,447
HOME FED BK CORP/HFB FNCL CORP ,1570,SNM,447
DR BK/ALCAR ,1571,SNM,446
KARNES CTY NB/ ,1572,NAT,445
FIRST RESRC BK/ ,1573,SNM,444
CITIZENS ST BK/CITIZENS NAT CORP ,1574,SMB,442
BANK & TC/LBT BSHRS ,1575,SNM,442
CITIZENS BK OF GA/FORSYTH BSHRS ,1576,SNM,442
CITIZENS NB CHEBOYGAN/CNB CORP ,1577,NAT,442
FIRST NB OF SYRACUSE/LEGACY FNCL ,1578,NAT,441
NEFFS NB/NEFFS BC ,1579,NAT,441
NORTHMARK BK/ ,1580,SNM,441
LAKE AREA BK/WASECA BSHRS ,1581,SNM,441
MISSION VALLEY BK/MISSION VALLEY BC ,1582,SNM,441
BRENHAM NB/BRENHAM BSHRS ,1583,NAT,441
GOLDEN VALLEY BK/GOLDEN VALLEY BSHRS ,1584,SNM,440
DENISON ST BK/DENISON BSHRS ,1585,SNM,439
FIRST NB OF EAST TX/FIRST GILMER BSHRS ,1586,NAT,439
CBBC BK/TWIN CITIES FNCL SVC ,1587,SNM,439
FIRST NATIONS BK/ILLINOIS ST BC ,1588,SNM,439
NORTHEAST SCTY BK/INDEPENDENCE BSHRS ,1589,SNM,439
FIRST CR BK/ ,1590,SNM,438
FIRST UNITED B&TC/FIRST UNITED BANCORP ,1591,SNM,437
BANK OF GLEN BURNIE/GLEN BURNIE BC ,1592,SNM,437
BANK OF TX/TALL CITY BSHRS ,1593,SMB,437
LUMBEE GUARANTY BK/ ,1594,SNM,436
FARMERS & MERCHANTS BK/ ,1595,SMB,436
FARMERS & MRCH BK/KUJAWA FAM HOLDS ,1596,SMB,436
HIGHPOINT CMNTY BK/HCB FC ,1597,SNM,436
FIRST FARMERS & MRCHS BK/215 HC ,1598,SNM,436
CENTURY B&TC/CENTURY FC ,1599,SNM,436
FIRST MT BK/FIRST NBC ,1600,SMB,435
MANUFACTURERS B&TC/MBT CORP ,1601,SNM,435
BANK OF TESCOTT/TESCOTT BSHRS ,1602,SNM,435
FIRST NB/FIRST ALAMOGORDO BC NV ,1603,NAT,435
CENTRAL ST BK/CENTRAL ST BC ,1604,SMB,434
ENTERPRISE BK/ENTERPRISE HC ,1605,SMB,434
COMMERCIAL BK & TR OF PA/COMMERCIAL NAT FNCL CORP ,1606,SNM,434
GRATZ BK/GNB FNCL SVC ,1607,SNM,432
VICTORY BANK/VICTORY BC ,1608,SMB,432
PARTNERS BK OF CA/ ,1609,SNM,431
PREMIER CMNTY BK/MSB BC ,1610,SNM,430
FARMERS & MRCH UNION BK/JEWEL BOX FS ,1611,SNM,429
CHELSEA ST BK/CSB BC ,1612,SMB,429
ROCKY MNT BK/TETON FS ,1613,SMB,429
MOUND CITY BK/MOUND CITY FS ,1614,SNM,429
DELTA BK/CENTRAL LA CAP CORP ,1615,SNM,428
EQUITABLE BK/EQUITABLE FNCL CORP ,1616,SMB,428
WASHINGTON ST BK/WSB ,1617,SMB,427
OAK BK/OAK FNCL ,1618,SNM,427
LIBERTY NB/LIBERTY BSHRS ,1619,NAT,427
SECURITY ST BK/FINANCIAL SCTY CORP ,1620,SMB,426
PEOPLES SVGS BK OF RHINELAND/RHINELAND BSHRS ,1621,SNM,426
UNITED MW SVGS BK NA/MSB CAPITAL CORP ,1622,NAT,426
ALVA ST B&TC/GRACE INV CO ESOP ,1623,SNM,425
LEWIS & CLARK BK/LEWIS & CLARK BC ,1624,SNM,425
FIRST ROBINSON SB NA/FIRST ROBINSON FINANCIAL CORP ,1625,NAT,425
EVABANK/ ,1626,SNM,424
RSNB BK/RSNB BC ,1627,SMB,423
FIRST CMNTY BK/HARBOR SPRINGS FC ,1628,SMB,422
NATIONAL GRAND BK OF MARBLEH/GRAND BK CORP ,1629,NAT,421
BANK OF SANTA CLARITA/ ,1630,SNM,421
LINKBANK/LINKBANCORP ,1631,SNM,421
ENTERPRISE BK OF SC/ ,1632,SNM,421
GRINNELL ST BK/GRINNELL BSHRS ,1633,SNM,420
VILLAGE BK/VILLAGE BSHRS ,1634,SNM,420
TOUCHMARK NB/TOUCHMARK BSHRS ,1635,NAT,420
STUDIO BK/ ,1636,SNM,420
NEW WASHINGTON ST BK/NEW INDEPENDENT BSHRS ,1637,SNM,419
CHAMPLAIN NB/CHAMPLAIN BK CORP ,1638,NAT,419
FIRST SECURE B&TC/FIRST SECURE BK GRP ,1639,SNM,418
BANK OF ADVANCE/MILES BSHRS ,1640,SMB,418
STOCKMENS BK/FIRST BSHRS ,1641,SNM,418
TEXSTAR NB/TEXSTAR BSHRS ,1642,NAT,418
PEOPLES BK/PEOPLES BSHRS ,1643,SNM,417
NEW ERA BK/NEW ERA BC ,1644,SNM,417
ALLIANCE BK CENT TX/ABCT HOLD ,1645,SNM,417
MEGA BK/ ,1646,SNM,417
IOWA ST BK/CLARKEL ,1647,SNM,417
FIRST NB IN OLNEY/SUMMIT BSHRS ,1648,NAT,417
MAGNOLIA ST BK/MAGNOLIA ST CORP ,1649,SNM,416
LIBERTYVILLE SVG BK/VILLAGE INV CO ,1650,SNM,416
GOLD COAST BK/GC BC ,1651,SNM,416
UNISON BK/MCINTOSH CTY BHC ,1652,SNM,415
CITIZENS BK/CBC ,1653,SNM,415
FIRST ST BK OF LIVINGSTON/EAST TX BSHRS ,1654,SMB,415
FIRST NB OF CLARKSDALE/FIRST VALLEY NAT CORP ,1655,NAT,414
DUNDEE BK/MACKEY BANCO ,1656,SNM,414
MARINERS BK/MARINERS BC ,1657,SNM,414
PEOPLES B&TC/PEOPLES BANKTRUST ,1658,SNM,414
GLENWOOD ST BK/ ,1659,SNM,413
FARMERS & MRCH BK OF SC/FMB OF SC BSHRS ,1660,SNM,413
FIRST NB IN DERIDDER/ ,1661,NAT,413
FIRST ST BK/FSB INV LLC ,1662,SNM,413
FIRST ST BK/FIRST STATE BKG CORP ,1663,SMB,413
COMMUNITY ST BK OF ORBISONIA/ORBISONIA CMNTY BC ,1664,SNM,412
COMMERCIAL BK/ ,1665,SNM,412
PIONEER CMRL BK/ ,1666,SNM,412
UNIBANK/U&I FNCL CORP ,1667,SMB,412
SAVINGS BK/SAVINGS BC ,1668,SNM,412
MNB BK/MNB FS ,1669,SMB,412
MIDWEST CMNTY BK/FREEPORT BSHRS ,1670,SNM,412
FIRST SOUTHWEST BK/FIRST SOUTHWEST BC ,1671,SNM,412
TEXAN BK NA/FRIENDSWOOD CAP CORP ,1672,NAT,411
BLACK HILLS CMNTY BK NA/BHCB HC ,1673,NAT,411
UNITED MS BK/SOUTHWEST SCTY ,1674,SNM,410
PARK RIDGE CMNTY BK/COMMUNITY BK CORP ,1675,SNM,410
FIRST NB IN CRESTON/NORTHWEST FC ,1676,NAT,410
NORTHVIEW BK/FINLAYSON BSHRS ,1677,SNM,410
FIRST CENTURY BK NA/FIRST CENTURY BC ,1678,NAT,410
LAMESA NB/ ,1679,NAT,410
PREMIER BK/PREMIER FC ,1680,SMB,409
BELMONT SVG BK/ ,1681,SNM,409
CITIZENS ST BK - LA CROSSE/CLAYTON BSHRS ,1682,SNM,408
NORTHERN ST BK/GATO HOLDINGS ,1683,SNM,408
GREENWOODS ST BK/GREENWOODS FNCL GRP ,1684,SNM,408
AMERICAN CMRC BK NA/AMERICAN CMRC BSHRS ,1685,NAT,406
FIRST FSB/NORTHEAST IN BC ,1686,SNM,406
INTERCREDIT BK NA/ ,1687,NAT,406
FARMERS SVGS BK/SOUTHERN WI BSHRS CORP ,1688,SNM,406
COMMUNITY B&TC/COMMUNITY BSHRS ESOP ,1689,SMB,406
BANKTENNESSEE/BANKTENNESSEE BSHRS ,1690,SMB,406
CITIZENS BK OF AMER/CBA BSHRS ,1691,SNM,405
FIRST TX BK/FIRST TX BC ,1692,SNM,405
FIRST NB/FULDA BC ,1693,NAT,404
VARO BK NA/VARO MONEY ,1694,NAT,403
BANK/DECATUR INV ,1695,SNM,403
PERSONS BKG CO/PERSONS BKG CO ,1696,SNM,403
5STAR BK/LITTLE LONDON BC ,1697,SNM,403
INSOUTH BK/INDEPENDENT SOUTH BSHRS ,1698,SMB,403
DEVON BK/DEVON BC ,1699,SNM,403
ROUNDBANK/WASECA BSHRS ,1700,SNM,403
MAQUOKETA ST BK/OHNWARD BSHRS ,1701,SMB,402
FIRST LIBERTY NB/FIRST LIBERTY NATL BSHRS ,1702,NAT,401
FIRST ST B&TC/TONGANOXIE BSHRS ,1703,SNM,401
SABAL PALM BK/SABAL PALM BC ,1704,SNM,400
GEORGIA CMNTY BK/GEORGIA CMNTY BC ,1705,SNM,399
SECURITY NB/SECURITY FS CORP ,1706,NAT,399
JEFFERSON SECURITY BK/ ,1707,SNM,398
FIRST NB&TC IRON MOUNTAIN/FNB BSHRS ,1708,NAT,398
MCBANK/GOLDTHWAITE BSHRS ,1709,SNM,398
CITIZENS ST BK/COMMUNITY BSHRS ,1710,SNM,398
UNICO BK/WASHCO BSHRS ,1711,SNM,398
DENALI ST BK/DENALI BC ,1712,SNM,398
CITIZENS B&TC/CITIZENS BC ,1713,SNM,398
SHAMROCK BK NA/SHAMROCK BSHRS ESOP ,1714,NAT,397
TOWN & COUNTRY B&TC/FIRST FARMERS BK HC ,1715,SNM,397
SOUTHWEST CAP BK/LAS VEGAS BC ,1716,SNM,397
CASEY ST BK/EAGLE FNCL CORP ,1717,SNM,396
RIVERHILLS BK/RIVERHILLS CAP CORP ,1718,SNM,396
PEOPLES BK/PEOPLES FNCL GROUP ,1719,SNM,395
POWELL VALLEY NB/POWELL VALLEY BSHRS ,1720,NAT,395
TS BK/TREYNOR BSHRS ,1721,SNM,394
FIRST NB IN NEW BREMEN/ ,1722,NAT,393
FIRST NB/FIRST NB CORP ,1723,NAT,393
TEXAS CHAMPION BK/MESQUITE FNCL SVC ,1724,SNM,393
ROBERTSON BKG CO/RBC ,1725,SNM,393
MISSOURI BK/WARREN CTY BSHRS ,1726,SMB,392
PEOPLES INDEP BK/PEOPLES INDEP BSHRS ,1727,SNM,392
LIFESTORE BK/ASHECO MHC ,1728,SMB,391
PERPETUAL FSB/ ,1729,SNM,391
TRISTAR BK/TRISTAR BSHRS ,1730,SNM,390
PEOPLES BK/RIGLER INV CO ,1731,SMB,390
FIRST CITIZENS ST BK/WHITEWATER BC ,1732,SNM,390
PEOPLES ST BK/ELLETTSVILLE BSHRS ,1733,SNM,390
NORTHWEST BK ROCKFORD/FORESIGHT FNCL GRP ,1734,SNM,389
IOWA ST BK/MID-IOWA BSHRS CO ,1735,SNM,389
FARMERS BK & SVG CO/FARMERS BSHRS ,1736,SNM,389
FIRST CHOICE BK/PONTOTOC BSHRS CORP ,1737,SMB,389
FIRST BK ELK RIVER/FIRST NAT FS ,1738,SNM,389
BANK OF CMRC/SOUTHEAST BSHRS ,1739,SMB,389
ROLLING HILLS B&T/ANITA BC ,1740,SMB,388
WESTERN BK/CIRCLE I BK GRP ,1741,SNM,388
SILVER LAKE BK/GIDEON MGMT LLC ,1742,SNM,388
FARMERS-MERCHANTS B&TC/ ,1743,SNM,388
CENTRAL ST BK/AJJ BC ,1744,SMB,387
COMMUNITY BK/LOLYN FC ,1745,SNM,387
COMMUNITY BK MANKATO/VERNON CENTER BSHRS ,1746,SNM,387
ENTERPRISE BK/ENTERPRISE ESOP ,1747,SNM,387
ENTERPRISE BK/SEED MONEY LP ,1747,SNM,NA
MERCHANTS BK OF AL/MERCHANTS FS ,1748,SNM,386
NORTH SHORE BK OF COMMERCE/NORTH SHORE FC ,1749,SMB,385
BANK OF CMRC & TC/ ,1750,SNM,384
NAPOLEON ST BK/NAPOLEON BC ,1751,SNM,383
JONES BK/JONES NAT CORP ,1752,SMB,383
PREMIER BK/PREMIER BSHRS ,1753,SNM,383
TRUBANK/COMMUNITY BSHRS CORP ,1754,SNM,383
PAN AMER B&TC/AMERICAN BC IL ,1755,SNM,382
WORTHINGTON NB/ ,1756,NAT,382
UNION ST BK/EVEREST BSHRS ,1757,SMB,382
TRINITY BK NA/ ,1758,NAT,382
ASTRA BK/FIRST BELLEVILLE BSHRS ,1759,SNM,381
FIRST NB MN/BANCOMMUNITY SVC CORP ,1760,NAT,381
IOWA T&SB/EMMETSBURG BK SHARES ,1761,SNM,381
PLANTERS FIRST BK/PLANTERS FIRST BC ,1762,SNM,380
SELECT BK/SELECT BK FC ,1763,SMB,380
RIVER CITY BK/FIRST BRECKINRIDGE BSHRS ,1764,SNM,379
FIRST NB OF MONTEREY/ ,1765,NAT,379
HIGH CNTRY BK/HIGH CNTRY BC ,1766,SMB,379
BETTER BKS/BACKLUND INV CO ,1767,SNM,378
LANDMARK CMNTY BK/LANDMARK BC ,1768,SMB,378
BANK OF NEW GLARUS/BANCORP OF NEW GLARUS ,1769,SNM,378
BANK OF THE VALLEY/BELLWOOD CMNTY HC ,1770,SNM,378
SUNMARK CMNTY BK/SUNMARK BSHRS ,1771,SNM,377
OREGON COAST BK/OREGON COAST BSHRS ,1772,SNM,377
FARMERS ST BK/FARMERS BSHRS ,1773,SNM,377
EH NB/ ,1774,NAT,377
METRO PHOENIX BK/ ,1775,SNM,376
MARION CENTER BK/COMMUNITY BKR CORP ,1776,SNM,376
BANK OF THE FLINT HILLS/WAMEGO BSHRS ,1777,SMB,376
ALLIANCE BK/ALLIANCE BC ,1778,SNM,376
FIRST TR BK IL/FIRST TR FC ,1779,SNM,376
BANK OF FRANKEWING/FRANKEWING BSHRS ,1780,SNM,376
TRUSTAR BK/ ,1781,SNM,376
BANK OF CMRC/COMMERCE BC ,1782,SNM,376
FRONTIER BK/WHITCORP FC ,1783,SNM,376
FIRST NB OF MUSCATINE/IOWA FIRST BSHRS ,1784,NAT,376
STATE BK/ ,1785,SNM,375
PARADISE BK/PARADISE BC ,1786,SMB,375
AMERICAN BK NA/AMBANK CO ,1787,NAT,374
LINCOLN NB OF HODGENVLLE/HAMBAC ,1788,NAT,374
UNITED CMNTY BK OF ND/AMERICAN BC ,1789,SNM,374
BANKCHEROKEE/CHEROKEE BSHRS ,1790,SNM,374
WEST POINT BK/FIRST BRECKINRIDGE BSHRS ,1791,SNM,373
AMERISTATE BK/ATOKA ST BC ,1792,SMB,373
DELAWARE NB OF DELHI/DELHI BC ,1793,NAT,373
WILLAMETTE VALLEY BK/OREGON BC ,1794,SNM,372
COMMERCEONE BK/ ,1795,SNM,372
THUMB B&TC/THUMB NB&TC ESOP ,1796,SMB,371
CONNECTION BK/FORT MADISON FC ,1797,SMB,371
FIRST CMNTY BK/FIRST CMNTY BC ,1798,SMB,371
EARLHAM SVG BK/ ,1799,SNM,370
ST LANDRY B&TC/ST LANDRY BSHRS ,1800,SNM,370
BANK OF HOLLY SPRINGS/HOLLY SPRINGS BSHRS ,1801,SNM,370
STATE BK OF CHILTON/CALUMET BC ,1802,SNM,369
CENTRAL BK/CROSS CTY BSHRS ,1803,SNM,369
SPRINGFIELD ST BK/SPRINGFIELD BSHRS ,1804,SMB,369
TEXAS REPUBLIC BK NA/TXRB HOLDS ,1805,NAT,369
SENB BK/MCLAUGHLIN HC ,1806,SNM,369
ST HENRY BK/ST HENRY BC ,1807,SMB,368
TEXAS ST BK/TEXAS BC ,1808,SNM,368
CARROLL B&T/CARROLL FNCL SERVICES ,1809,SMB,368
FIRST S BK/FIRST SOUTHERN BSHRS ,1810,SNM,368
OHNWARD B&TC/OHNWARD BSHRS ,1811,SNM,367
FIRST NB/ ,1812,NAT,367
BLUEHARBOR BK/ ,1813,SNM,367
LEADERS BK/BOWLEGS CREEK LLC ,1814,SNM,365
COMMERCE BK OF AZ/CBOA FNCL ,1815,SNM,365
FIRST CAPITAL BK/GERMANTOWN CAP CORP ,1816,SNM,365
AMERICAN BK OF OK/AMERIBANK HC ,1817,SNM,365
BANK OF MAUSTON/MAUSTON BC ,1818,SNM,364
FIRST INDEPENDENT BK/FINLAYSON BSHRS ,1819,SNM,364
WAYNE CTY BK/WAYNE CTY BSHRS ,1820,SNM,364
FIRST NB OF JEANERETTE/JEANERETTE FIRST NBC ,1821,NAT,364
PINELAND BK/SOUTH BKG CO ,1822,SNM,364
PEOPLES B&TC POINTE COUPEE PAR/PEOPLES BSHRS OF POINTE COUPEE ,1823,SNM,364
SOUTHERN HERITAGE BK/SHB BC ,1824,SNM,364
HORIZON BK/ ,1825,SNM,363
PEOPLES BK OF KY INC/PEOPLES OF FLEMING CTY BC ,1826,SNM,363
WEST TOWN B&TC/INTEGRATED FNCL HOLDS ,1827,SNM,362
FIRST ST B&T/UNIVERSAL FNCL SVC ,1828,SNM,362
FIRST SCTY T&SB/FIRST SCTY BC ,1829,SNM,362
FIRST AMERICAN NB/FIRST AMER BSHRS ,1830,NAT,362
NOBLEBANK & TR/NOBLE BSHRS ,1831,SMB,361
LIBERTY NB/PARIS BSHRS ,1832,NAT,361
UNITED CUMBERLAND BK/MCCREARY BSHRS ,1833,SNM,361
LAKE-OSCEOLA ST BK/LAKE FC ,1834,SNM,361
NOAH BK/ ,1835,SNM,360
KODABANK/KODA BANCOR ,1836,SNM,360
FIRST JACKSON BK/1ST JACKSON BSHRS ,1837,SNM,360
M C B&TC/M C BSHRS ,1838,SNM,360
SPRING BK/ ,1839,SNM,359
FIRST NORTHEAST BK OF NE/CENTRAL AGY ,1840,SMB,359
BANK OF HOUSTON NA/BOH HOLDS ,1841,NAT,359
COMMUNITY RESOURCE BK/NORTHFIELD BSHRS ,1842,SMB,359
PACIFIC ALLI BK/ ,1843,SNM,359
SOUTHERN BK OF TN/ ,1844,SMB,359
AMERICAN EAGLE BK/ORCHID FNCL BC ,1845,SNM,359
FIRST ST BK OF THE SOUTHEAST/FIRST ST BSHRS ,1846,SNM,358
CITIZENS INDEPENDENT BK/BAKKEN SECURITIES ,1847,SNM,358
COMMUNITY BK/COMMUNITY BC OF SANTA MARIA ,1848,SNM,358
CENTRAL ST BK/STATE CTR FNCL ,1849,SNM,358
FIRST NB/MARION CTY BSHRS ,1850,NAT,358
RACCOON VALLEY BK/GREENE INV CO ,1851,SNM,357
STOCKMANS BANK/REEVES BSHRS ,1852,SNM,357
STAR BK/MIDWEST BC ,1853,SNM,356
LAKESIDE BK/LAKESIDE BSHRS ,1854,SNM,356
PEOPLES CMNTY BK/PEOPLES CMNTY BSHRS ,1855,SNM,356
FIRST NE BK/VALLEY BSHRS ,1856,SMB,356
EXCHANGE B&TC/PERRY BSHRS ,1857,SMB,356
CENTRAL SVG BK/CENTRAL BC ,1858,SMB,356
FIRST MO BK/FIRST MO BSHRS ,1859,SMB,356
CAMPBELL FETTER BK/C&F BANC SHARES CORP ,1860,SNM,355
CENTINEL BK OF TAOS/CENTINEL BSHRS ,1861,SNM,355
NATIONAL BK OF TX/HORIZON BSHRS ,1862,NAT,354
UNITED CMMTY BK OF WEST KY/UNITED CMNTY BSHRS ,1863,SNM,354
AMERICAN NB OF MN/AMERICAN BC MN ,1864,NAT,353
FIRST NB OF GRIFFIN/ ,1865,NAT,353
FIRST NB OF ELMER/ELMER BC ,1866,NAT,353
BANK/BANCSHARES ,1867,SNM,353
PEOPLES TC OF ST ALBANS/ ,1868,SNM,353
FLAGSHIP BK/WEST FL BK CORP ,1869,SNM,353
WAGGONER NB/WAGGONER NAT BSHRS ,1870,NAT,353
WAUKON ST BK/WFC ,1871,SMB,352
MINT NB/MINT HOLDS ,1872,NAT,352
MERCHANTS & MANUFACTURERS BK/MERCHANTS & MFR BK CORP ,1873,SNM,352
KENTLAND BK/KENBANCORP ,1874,SNM,352
CHARTER BK/CHARTER BSHRS ,1875,SNM,352
CITIZENS ST BK/ ,1876,SNM,352
DOMINION BK/DOMINION BSHRS ,1877,SNM,351
CITIZENS BK OF EDMOND/CITIZENS BSHRS ESOP ,1878,SMB,351
FIRST NAT CMNTY BK/FIRST CHATSWORTH BSHRS ,1879,NAT,351
MERCHANTS & PLANTERS BK/M&P CMNTY BSHRS ESOP ,1880,SNM,350
CITIZENS NB OF ALBION/CITIZENS BSHRS ,1881,NAT,350
FARMERS ST BK OF CALHAN/PIEPER BC ,1882,SNM,350
BANK OF WESTERN OK/WESTERN OK BSHRS ,1883,SMB,350
GREAT PLAINS ST BK/RAE VALLEY FNCL ,1884,SNM,350
NORTH STAR BK/ ,1885,SNM,349
FIRST NB OF RIVER FALLS/FIRST NBC OF RIVER FALLS ,1886,NAT,349
BELGRADE ST BK/TURNER BSHRS ,1887,SMB,349
WOODSBORO BK/ ,1888,SNM,349
BANK OF LANDISBURG/ ,1889,SMB,349
EXCHANGE BK OF AL/GADSDEN CORP ,1890,SNM,348
CHARTER WEST BK/NATIONWIDE BSHRS ,1891,SMB,348
BANK3/BANC3 HOLDS ,1892,SNM,348
FARMERS ST BK/FARMERS STATE HOLDING CORP ,1893,SNM,347
COMMUNITY ST BK/COMMUNITY FC ,1894,SMB,347
BANK OF ROMNEY/ROMNEY BSHRS ,1895,SMB,347
GREAT SOUTHERN BK/GREAT SOUTHERN CAP CORP ,1896,SMB,347
SETTLERS BK/SB BC ,1897,SNM,347
BANK OF MADISON/MADISON BK CORP ,1898,SNM,347
FIRST WESTROADS BK/AMERIWEST CORP ,1899,SMB,347
BANK OF CLARENDON/ ,1900,SNM,346
GUARANTY ST B&TC/GUARANTY ,1901,SNM,346
FIRST CITIZENS NB/ ,1902,NAT,346
SAINT JOHNS B&TC/UNITY BSHRS LLC ,1903,SNM,346
FIRST NB OF MT DORA/FNBMD BSHRS ,1904,NAT,345
FIRST ST BK/FIRST ST BSHRS ,1905,SNM,345
OSGOOD ST BK/OSB BC ,1906,SNM,344
CITIZENS BK WV/CITIZENS FC ,1907,SNM,344
COMMERCIAL BK/TCB BSHRS ,1908,SNM,344
MUNICIPAL T&SB/ ,1909,SNM,344
FIRSTBANK OF NE/BANK MGMT ,1910,SMB,344
MECHANICS & FARMERS BK/M&F BC ,1911,SNM,343
BRUNSWICK B&TC/BRUNSWICK BC ,1912,SNM,343
BANK OF KREMLIN/COWBOY BSHRS LLC ,1913,SMB,343
BANK OF TIOGA/TREYNOR BSHRS ,1914,SNM,342
BANK OF O'FALLON/SECURITY FIRST BSHRS ,1915,SNM,342
FIRST VISION BK OF TN/FIRST VISION FNCL ,1916,SMB,342
SHELBY ST BK/SHELBY FC ,1917,SNM,341
COMMUNITY ST BK/FIRST POTEAU CORP ,1918,SMB,341
KAW VALLEY BK/TOPEKA BC ,1919,SNM,341
PARTNERS BK/HELENA BSHRS ,1920,SNM,341
PEOPLES ST BK OF PLAINVIEW/WRZ BSHRS ,1921,SMB,340
CENTURY B&TC/CENTURY BC ,1922,SNM,340
FIRST ST BK SOUTHWEST/FIRST ST BK SW KSOP PLAN & TR ,1923,SMB,340
COMMUNITY FIRST NB/TTAC CORP ,1924,NAT,339
BANK OF ODESSA/COUNTRY AGY & INV ,1925,SNM,339
GRANDVIEW BK/D2 ALLIS LLC ,1926,SNM,339
CHINO CMRL BK NA/CHINO CMRL BC ,1927,NAT,339
EASTERN NB/CORPOFIN CA ,1928,NAT,338
AMERICAN B&TC/ ,1929,SNM,338
HARBOR BK OF MD/HARBOR BSHRS CORP ,1930,SNM,338
CENTRAL BK OF WARRENSBURG/CENTRAL BANCOMPANY INC ,1931,SMB,338
FOURTH CAP BK/ ,1932,SNM,338
FIRST NB OF COFFEE CTY/FNC BC ,1933,NAT,338
WAYPOINT BK/MIDWEST BANCO CORP ,1934,SNM,338
CENTERA BK/SANTA FE TRAIL BSHRS ,1935,SNM,338
UBANK/HUNTINGTON BSHRS ,1936,SNM,338
ESB FNCL/NAMYAW CORP ,1937,SNM,337
HANCOCK B&TC/HANCOCK BANCORP ,1938,SNM,337
SHELBY CTY ST BK/DANES HOLDS ,1939,SNM,336
HOCKING VALLEY BK/HOCKING VALLEY BSHRS ,1940,SMB,336
SPRING BK/CHECKSPRING CMNTY CORP ,1941,SNM,336
LIBERTY CAP BK/LIBERTY CAP BSHRS ,1942,SNM,336
AMERICAN B&TC/CITIZENS BC INV ,1943,SNM,336
CATTLE B&TC/CATTLE CROSSING ,1944,SNM,335
LONE STAR CAP BK NA/ ,1945,NAT,335
GRUNDY BK/ILLINOIS VALLEY BC ,1946,SMB,335
KERNDT BROS SVG BK/KERNDT BK SVCS ,1947,SNM,335
MA BK/MACON-ATLANTA BC ,1948,SMB,335
AMERICAN NB FOX CITIES/AMERICAN NAT BC ,1949,NAT,334
SANDHILLS ST BK/SANDHILLS FS ,1950,SNM,334
SUMMIT BK/SUMMIT BSHRS ,1951,SNM,333
HENRY CTY BK/COMUNIBANC ,1952,SNM,333
FIRST UNITED NB/FRYBURG BKG CO ,1953,NAT,333
ELDERTON ST BK/KEYSTRONG FNCL INC ,1954,SNM,333
MCNB BK&TC/MCNB BANKS ,1955,SNM,332
BANK OF LAFAYETTE/LAFAYETTE BSHRS ,1956,SNM,332
F&M BK/WASHINGTON/WILKES HC ,1957,SNM,332
UNION BK/HOMETOWN BSHRS ,1958,SNM,332
FLAGSHIP BK MN/FLAGSHIP FNCL GROUP ,1959,SNM,332
UNION BK OF MENA/UNION BSHRS ,1960,SMB,332
GOLDWATER BK NA/ ,1961,NAT,332
STATE SVG BK/CENTRAL-STATE BC ,1962,SNM,331
FIRST NB/CHALYBEATE SPRINGS CORP ,1963,NAT,331
GUARANTY B&TC OF DELHI/DELHI BSHRS ,1964,SNM,331
F&M BK/WEST POINT BC ,1965,SNM,331
CLARE BK NA/MONTFORT BC ,1966,NAT,331
NORTHERN CA NB/ ,1967,NAT,330
FIRST-LOCKHART NB/LOCKHART BSHRS ,1968,NAT,330
HOMETOWN NB/LASALLE BC ,1969,NAT,330
KENSINGTON BK/KENSINGTON BC ,1970,SNM,330
FARMERS ST BK/FARMERS ST BSHRS ,1971,SNM,329
DOLORES ST BK/ ,1972,SNM,329
AMERICAN CONTINENTAL BK/AMERICAN CONTINENTAL BC ,1973,SNM,329
FIRST EXCH BK/HERITAGE BSHRS ,1974,SNM,329
MURPHY BK/ ,1975,SNM,328
ALAMOSA ST BK/ALAMOSA BC ,1976,SNM,328
LEGACY BK/GNB BSHRS CORP ,1977,SMB,328
FIRST PORT CITY BK/PORT CITY HC ,1978,SNM,328
BLC CMNTY BK/INDEPENDENT BC ,1979,SNM,328
ALLIANCE CMNTY BK/AC BC ,1980,SNM,327
FLEETWOOD BK/FLEETWOOD BK CORP ,1981,SMB,326
FINWISE BK/ALL WEST BC ,1982,SNM,326
CENTRAL BK OF KANSAS CITY/CENTRAL BSHRS ,1983,SNM,326
BANK OF ZACHARY/ZACHARY BSHRS ,1984,SNM,325
SOLUTIONS BK/HIGH POINT FS ,1985,SNM,325
HONDO NB/TEXAS HERITAGE BSHRS ,1986,NAT,325
DELTA NB&TC/DELTA INV CO CAYMAN ,1987,NAT,325
COMMUNITY ST BK ROCK FALLS/COMMUNITY IL CORP ,1988,SNM,325
GLENNVILLE BK/GB BK GRP ,1989,SNM,324
STATE BK/FORESIGHT FNCL GRP ,1990,SNM,324
OZONA NB/ONB BSHRS ,1991,NAT,324
HONOR BK/HONOR BC ,1992,SNM,324
BYRON BK/BYRON BSHRS ,1993,SNM,324
SOONER ST BK/TUTTLE BSHRS ,1994,SNM,324
FIRST INDEPENDENCE BK/FIRST INDEP CORP ,1995,SNM,324
CIBC NAT TC/CIBC BC USA ,1996,NAT,324
FIRST NB/FIRST GRAYSON BC ,1997,NAT,323
PECOS CTY ST BK/PECOS CTY BSHRS ,1998,SNM,323
PREMIER BK MN/ ,1999,SNM,323
FIRST NB OF ST IGNACE/MACKINAC NAT BC ,2000,NAT,323
WELLS BK/WELLS BSHRS ,2001,SNM,323
FIRST NB IN PHILIP/PHILIP BC ,2002,NAT,323
EXCHANGE BK/EXCHANGE BSHRS ,2003,SNM,322
HAVANA NB/COMMUNITY INV GRP ,2004,NAT,322
FIRST SCTY BK NV/ ,2005,SNM,322
MCCURTAIN CTY NB/MCCURTAIN CTY BSHRS ,2006,NAT,322
WAUMANDEE ST BK/WAUMANDEE BSHRS ,2007,SNM,322
KIRKWOOD B&TC/KIRKWOOD BC CO ,2008,SNM,322
FRAZER BK/FIRST ALTUS BC ,2009,SMB,321
BANK OF BELLEVILLE/BELLEVILLE BC ,2010,SNM,321
WOODLANDS NB/MILLE LACS BC ,2011,NAT,321
LOGAN B&TC/LOGAN CTY BSHRS ,2012,SNM,320
FIRST NB&TC/ ,2013,NAT,320
BANK OF STAR VALLEY/STAR VALLEY BSHRS ,2014,SMB,319
HOMESTEAD BK/CSB CO ,2015,SNM,319
CITIZENS NB OF PARK RAPIDS/PARK RAPIDS BSHRS ,2016,NAT,319
BANK OF HAYS/HANSTON INS AGY ,2017,SNM,318
MOUNTAIN VALLEY BANK/PLATTE VALLEY FS CO ,2018,SMB,318
UNITED CMNTY BK/PERHAM ST BSHRS ,2019,SNM,317
FIRST CITIZENS BK/FIRST CITIZENS-CRENSHAW BSHRS ,2020,SNM,317
FARMERS B&TC/FARMERS BANCORP ,2021,SMB,317
FIRST CMNTY BK/FIRST TR FINANCIAL CORP ,2022,SNM,316
RAMSEY NB/FIRST HC OF PARK RIVER ,2023,NAT,316
CATTARAUGUS CTY BK/C C BC ,2024,SNM,316
FIRST NB OF ALLENDALE/ALLENDALE BANCORP ,2025,NAT,316
TEXAS BRAND BK/TEXAS BRAND BSHRS ,2026,SNM,315
SOUTH STORY B&TC/ ,2027,SNM,315
FIRST SENTINEL BK/FIRST REGION BSHRS ,2028,SMB,315
BANK OF CLEVELAND/BRADLEY CTY FC ,2029,SNM,315
WOODFORD ST BK/WOODFORD BSHRS ,2030,SNM,315
FIRST NB OF JASPER/EAST TX BSHRS ,2031,NAT,314
PEOPLES ST BK/BOZKA INV ,2032,SNM,314
FARMERS SVG BK/ ,2033,SNM,314
CITIZENS B&TC HUTCHINSON MN/CITIZENS BSHRS OF HUTCHINSON ,2034,SNM,314
FIRST ST BK OF DEQUEEN/FIRST ST BSHRS ,2035,SMB,314
CENTRAL NB OF POTEAU/CENTRAL BSHRS ,2036,NAT,314
FIRST RESOURCE BK/AMERI FNCL GRP ,2037,SNM,314
IRELAND BK/IRELAND BC ,2038,SNM,314
BANK OF FRANKLIN CTY/FRANKLIN BC ,2039,SNM,314
SUNRISE BK/SUNRISE BSHRS ,2040,SMB,314
FIRST ST BK/FIRST ST BC MONTICELLO ESOP ,2041,SNM,314
NORTH VALLEY BK/NORTH VALLEY BSHR INC ,2042,SMB,313
STIFEL TC DE NA/STIFEL FNCL CORP ,2043,NAT,313
CITIZENS BK OF THE SOUTH/ ,2044,SNM,312
FIRST FARMBANK/FARMBANK HOLD ,2045,SNM,312
UNION BK/UNION FC ,2046,SNM,312
TEUTOPOLIS ST BK/TEUTOPOLIS HOLDING CO ,2047,SMB,312
FIRSTSTATE BK/FIRST ST CAP CORP ,2048,SNM,311
PCSB BK/WHITMORE CO ,2049,SNM,311
PEOPLES BK/PEOPLES BC ,2050,SNM,311
ALLIANCE BK/ALLIANCE BSHRS ,2051,SNM,311
CITIZENS CMRC BK/CITIZENS CMRC BSHRS ,2052,SNM,311
FIRST NB&TC/FIRST NAT BSHRS ESOP ,2053,NAT,310
NORTHERN ST BK/BAY AREA BKG SHARES ,2054,SNM,310
OOSTBURG ST BK/OOSTBURG BC ,2055,SNM,310
GRANT CTY BK/HIGHLANDS BSHRS ,2056,SNM,310
CENTRAL BK/CENTRAL FNCL HOLD ,2057,SNM,309
PEOPLES BK KANKAKEE CTY/ROMY HAMMES ,2058,SNM,309
CITIZENS ST BK/FIRST LENA CORP ,2059,SNM,309
FIRST NB/FIRST BSHRS ,2060,NAT,309
DAKOTA WESTERN BK/DAKOTA WESTERN BSHRS ,2061,SMB,308
FIRST NAT BK & TR ELK CITY OK/WESTERN OK FS ,2062,NAT,308
FARMERS BK/FARMERS FINANCIAL CORP ,2063,SNM,308
PIKE NB/PCNB CORP ,2064,NAT,308
FARMERS ST BK/PIKE BANCORP ,2065,SNM,308
SECURITY ST BK/SECURITY BSHRS ,2066,SNM,308
FIRST UNITED BK/FIRST HC OF PARK RIVER ,2067,SNM,307
ENNIS ST BK/ENNIS BSHRS ,2068,SNM,307
PINNACLE BK/PINNACLE BSHRS ,2069,SNM,306
CROSS COUNTY BK/CROSS CTY BSHRS ,2070,SNM,306
MARION B&TC/MARION BSHRS ,2071,SNM,306
FIRST ST BK/ ,2072,SNM,306
PEOPLES BK OF E TN/PEOPLES BSHRS OF TN ,2073,SNM,306
CASEY COUNTY BK/CASEY CTY BC ,2074,SMB,305
BLOOMSDALE BK/PEOPLES COMMUNITY BC ,2075,SNM,305
LEXICON BK/ ,2076,SNM,305
PEOPLES BK/PBS BSHRS ,2077,SNM,304
WELCH ST BK/WELCH BSHRS ,2078,SNM,304
PAULS VALLEY NB/VALLEY BSHRS ,2079,NAT,304
FOREST PARK NB&TC/FIRST FOREST PARK CORP ,2080,NAT,303
BANK OF YAZOO CITY/YAZOO CAP CORP ,2081,SNM,303
HARVARD ST BK/HARVARD BSHRS ,2082,SNM,303
CLEVELAND ST BK/CLEVELAND STATE BC ,2083,SNM,303
AMERIFIRST BK/USAL BC ,2084,SNM,303
BANK OF THE BLUEGRASS & TC/BLUEGRASS BSHRS ,2085,SNM,302
STOCK GROWERS BK/NAPOLEON BC ,2086,SNM,302
SOUTHERN INDEP BK/SOUTHERN INDEP BSHRS ,2087,SNM,301
SYCAMORE BK/TATE FINANCIAL CORP ,2088,SNM,301
FARMERS ST BK/FSC BSHRS ,2089,SNM,301
BEACON CMNTY BK/ ,2090,SNM,301
CITY B&TC/CITY BSHRS ,2091,SNM,301
MID-AMERICA BK/MID-AMERICA BSHRS ,2092,SNM,301
BANK OF HERRIN/FGH BANCORP ,2093,SNM,301
